path,bytes,sha256
raspberry_pi/captures/baseline_dbc_seed42/baseline.json,2932,023cc976b6a3123674936ccb1fa2852f0333ee211ab1855c8b9251d1e34d53a1
raspberry_pi/captures/baseline_dbc_seed42/config.json,1651,ad1d20f3d89f3545779204af4ac998003aef89e2dbdb5b98792c738344569e8b
raspberry_pi/captures/baseline_dbc_seed42/events.jsonl,0,e3b0c44298fc1c149afbf4c8996fb92427ae41e4649b934ca495991b7852b855
raspberry_pi/captures/baseline_dbc_seed42/quality.jsonl,579,0118e88866f66d3ed5251552ee25bf07b17909fe85a9939319ceb0948d3dbc4b
raspberry_pi/captures/baseline_dbc_seed42/report.json,3042,0e6893351983354d3d28ac3610f519825769a26d0591e5b109f89b8929d56745
raspberry_pi/captures/baseline_dbc_seed42/trace.canbin,855670,1cda28db88a06e369f3b5fc746989a500ba793dac431e31bd7bda488443a9cd0
generator/captures/baseline_dbc_seed42/config.json,21658,b561bce7bc411b2e568642f06bc80632da3e4a03d8c0aacf5dd7b6485b1a4515
generator/captures/baseline_dbc_seed42/report.json,1962,0f4de6fbb3ba791f581f2b8935157b3e947b10daab8892398b6c754b93262d15
generator/captures/baseline_dbc_seed42/tx.jsonl,3220125,e020108500768076d01445bb7036e736723fd3e1b00c18de7a1b708a08ce28d0
raspberry_pi/captures/baseline_matrix_seed159346/baseline.json,2935,fc11d9052d4986132da144dd2952c873a22a0a33d3e0819f7f721347889969a0
raspberry_pi/captures/baseline_matrix_seed159346/config.json,1665,c2fca20ddc3e1fa59ed717c7cda2e0207d0eb7dd37eedd90f8827acfed9fdbd2
raspberry_pi/captures/baseline_matrix_seed159346/events.jsonl,0,e3b0c44298fc1c149afbf4c8996fb92427ae41e4649b934ca495991b7852b855
raspberry_pi/captures/baseline_matrix_seed159346/quality.jsonl,0,e3b0c44298fc1c149afbf4c8996fb92427ae41e4649b934ca495991b7852b855
raspberry_pi/captures/baseline_matrix_seed159346/report.json,3009,cc91d09ad04581ed24de7fbde4b0467067d9b06a60bcea5051e8ba3050f6f0c8
raspberry_pi/captures/baseline_matrix_seed159346/trace.canbin,810890,ce1a9a38e4561a86ff6cf1b174c8508140f13457a63ee07da6aeaf2a5f566dbf
generator/captures/baseline_dbc_seed159346/config.json,21628,41d6ffceb3aec0117477889aaed1fa245796f2ee42093ca87af13ca5a5bd5052
generator/captures/baseline_dbc_seed159346/report.json,1966,190f0a5ec184477c24fcbe696ffdae912a13b6be37c3c78d3e515cd90b6824ec
generator/captures/baseline_dbc_seed159346/tx.jsonl,3041961,27c573acda2b0e35263019f7bdf24f6a1a179c649b98612a52713520ab459a86
raspberry_pi/captures/baseline_matrix_seed222720/trace.canbin,817026,b9cd05d849ad9eef8a4e7b6baaa2654059b408c4773bfb48fc6b96bf35ae63eb
raspberry_pi/captures/baseline_matrix_seed550994/baseline.json,2776,0c31445f4441e4b9eaf1cc1fc1efb778a40133c68ebb34caed93e9b628fc2ced
raspberry_pi/captures/baseline_matrix_seed550994/config.json,1665,59518713f48b98ecba77c5bc0c7317bd069361d696a2ea14551d862cdf8323e2
raspberry_pi/captures/baseline_matrix_seed550994/events.jsonl,292,bfdf672c57786573da30a5a61118d4e1a5783169caf14509e765251fadda930e
raspberry_pi/captures/baseline_matrix_seed550994/quality.jsonl,0,e3b0c44298fc1c149afbf4c8996fb92427ae41e4649b934ca495991b7852b855
raspberry_pi/captures/baseline_matrix_seed550994/report.json,3035,beb94138bc81c4dbfcec2a1f80ed5b5397bfd339919d7b08b61a8d208a765b01
raspberry_pi/captures/baseline_matrix_seed550994/trace.canbin,797229,86f08f7a21116b1b36271222d022d801fd2ead812722f1e795919aeee824986e
generator/captures/baseline_dbc_seed550994/config.json,21563,17f4d14e9b6df1d89e9f98e1b341824aff677cedb736af60b92aa7a771f88b1b
generator/captures/baseline_dbc_seed550994/report.json,1884,76933b192643484f12fb21e5763bf03840ebb4a61e1d5e895158e032323d1bde
generator/captures/baseline_dbc_seed550994/tx.jsonl,3008896,b905594f009b1df0f4b54c6ad5f8f742212d4369ac61aa5bc0e8bf88997cce91
raspberry_pi/captures/baseline_matrix_seed805238/baseline.json,2930,dd48c7c79df617b6d0580f130368a2c0786d0fdd6a1f3ab1a9188545eef31784
raspberry_pi/captures/baseline_matrix_seed805238/config.json,1665,e0992a5ad093bfb9537b291b37b3f67d6292739605964ddf7878d3fe9c431aef
raspberry_pi/captures/baseline_matrix_seed805238/events.jsonl,0,e3b0c44298fc1c149afbf4c8996fb92427ae41e4649b934ca495991b7852b855
raspberry_pi/captures/baseline_matrix_seed805238/quality.jsonl,0,e3b0c44298fc1c149afbf4c8996fb92427ae41e4649b934ca495991b7852b855
raspberry_pi/captures/baseline_matrix_seed805238/report.json,3002,4ed70863ac1b359fe68c10daf4b092a233f8b42d2050af19d02d432365f2d051
raspberry_pi/captures/baseline_matrix_seed805238/trace.canbin,807263,38b7bc2ad30796ecc6835ad7dae7302b1583ef9e24143b654a128513f0da7109
generator/captures/baseline_dbc_seed805238/config.json,21638,8d36a9db6829940fd7f4eee27ee14fdb6652416a46a7a71f8f7e03140fa9f4d1
generator/captures/baseline_dbc_seed805238/report.json,1961,4ef59804c9f7c4fa7331184d0935c72fda61b6bde7c873c2f1a3a5791ec3530e
generator/captures/baseline_dbc_seed805238/tx.jsonl,3037679,5bb484c39497f38d354c9db836130165531aefcfa0f535b043206425617c92f7
raspberry_pi/captures/baseline_matrix_seed829730/baseline.json,2772,d04d83722c2a1c1617b950b655b07819d7eea12c79ead64694f911ceab61fa22
raspberry_pi/captures/baseline_matrix_seed829730/config.json,1665,a4dd148ea9c91219bde2797b8876e1f8902824d29a81239ff8e8ac649af9370f
raspberry_pi/captures/baseline_matrix_seed829730/events.jsonl,5477,6800c9f2700175bee822357501f822dd048fcc18ba7aec1ccc193753869d63d6
raspberry_pi/captures/baseline_matrix_seed829730/quality.jsonl,0,e3b0c44298fc1c149afbf4c8996fb92427ae41e4649b934ca495991b7852b855
raspberry_pi/captures/baseline_matrix_seed829730/report.json,3053,7c7ea43e4ca98c87498600af1f23e9611abfdbe3e3294340f30819c684ecee88
raspberry_pi/captures/baseline_matrix_seed829730/trace.canbin,904309,d6b306093c3faa1b8c78ba983ca496cb8d0bb29764b1936c287c0db2f5cbe041
raspberry_pi/captures/baseline_matrix_seed86/baseline.json,2782,1c91f61180de22759c910e70d6d6c4020256ce3326dec333094f0dc67c9e2bdb
raspberry_pi/captures/baseline_matrix_seed86/config.json,1657,1ae951bdd9ad17970d02ea79b893d73ea4b3579a5d5df52b064d2fb1587ae78b
raspberry_pi/captures/baseline_matrix_seed86/events.jsonl,0,e3b0c44298fc1c149afbf4c8996fb92427ae41e4649b934ca495991b7852b855
raspberry_pi/captures/baseline_matrix_seed86/quality.jsonl,0,e3b0c44298fc1c149afbf4c8996fb92427ae41e4649b934ca495991b7852b855
raspberry_pi/captures/baseline_matrix_seed86/report.json,2976,5b9b4a7eb6ba6851b2876d55a8cfd3ab7455fbc0cf873823626450564c51ef37
raspberry_pi/captures/baseline_matrix_seed86/trace.canbin,806175,9f8ae1c8d694e27b29de705bb71e61446b024898e72c5c3d5e8d5f8f255c5a9e
generator/captures/baseline_dbc_seed86/config.json,21571,b0fd638c840500da2928dbfb7695c56ba9a4f8b1fc971cd03df00f23e75861e4
generator/captures/baseline_dbc_seed86/report.json,1884,50030259b2fa66f87f609522612d711aa694fca177cd1a85b09df6bd212c9dca
generator/captures/baseline_dbc_seed86/tx.jsonl,3026702,b31015356d5b3f493df4aeadb4365aa4d99183202c44cae0ecf598cbc080cb26
raspberry_pi/captures/anomalies_smoke_03/baseline.json,2932,023cc976b6a3123674936ccb1fa2852f0333ee211ab1855c8b9251d1e34d53a1
raspberry_pi/captures/anomalies_smoke_03/config.json,1754,785046cfe77ef123fbebcd92456734db6c648c97f83321659ecb0526d312a48b
raspberry_pi/captures/anomalies_smoke_03/events.jsonl,40447,0eab1318b48b4f02dc8a3484ce51203cdc0ebc93261593e37859ca4a9650137e
raspberry_pi/captures/anomalies_smoke_03/quality.jsonl,193,cb2dde5ffeb2c90cb82f317b1850249d606a8672f692b39899839e2e93e58c68
raspberry_pi/captures/anomalies_smoke_03/report.json,3304,0b64f667f64e8ff761cbb2352ca18b5935cb64ff7a4fd16890bee2c913c1c66b
raspberry_pi/captures/anomalies_smoke_03/trace.canbin,541344,a1b2de0888896f4f38634e8afcc9d2eb0271b77f0420e97c81105c1548b8cbe4
generator/captures/anomalies_smoke_03/config.json,20747,817352125253fb38f577be507940c2f69afdd74d067c083d31b87b27573e24fc
generator/captures/anomalies_smoke_03/report.json,1300,8bb8b2292b2767a943e8d746be8534f5685e9ba1c7498bca4876e31049fbb57b
generator/captures/anomalies_smoke_03/truth.json,3731,fdedef01c90895fa077571be03468c46ee0353cf031e65918f0f299e96499164
generator/captures/anomalies_smoke_03/tx.jsonl,2174203,f20f532ee70e283e77726ecd8018b582816c3c5413c63e1cb49ef0cee6f20ee6
raspberry_pi/captures/anomaly_seed159346_matrix_01/baseline.json,2935,fc11d9052d4986132da144dd2952c873a22a0a33d3e0819f7f721347889969a0
raspberry_pi/captures/anomaly_seed159346_matrix_01/config.json,1781,7a4f6bcb450a149864b69cb1ca1daeba1265cf5618ae5aba7a1e2b6c0a2e3a93
raspberry_pi/captures/anomaly_seed159346_matrix_01/events.jsonl,49846,179ad60ef28bafdde308b4f6e126d88be567a86c682c78bc685f71f9fbe8da02
raspberry_pi/captures/anomaly_seed159346_matrix_01/quality.jsonl,185,4cbc573f953ca5c1992af973e0d72b9eb45ec2d6b797d6f3c5b8827baa09e9e5
raspberry_pi/captures/anomaly_seed159346_matrix_01/report.json,3345,2bbf88d8eb99ab0538431d5cf6de1495565e014ea011d77db12644c2a434db3d
raspberry_pi/captures/anomaly_seed159346_matrix_01/trace.canbin,707799,d2241072c46a9218d052b19e7cf9dcb2f756e70a7a23d6e08c0c94db8ad8b74b
generator/captures/anomalies_seed159346_matrix_01/config.json,20958,72a51d62a445ac94f33aa323f5d906cb9843657329d256ace441f17e5cb6db57
generator/captures/anomalies_seed159346_matrix_01/report.json,2029,0ea1c63447ab6eb79a21a92074cfc67e5d05620ebd929e26b1ff4f8f395740cb
generator/captures/anomalies_seed159346_matrix_01/truth.json,7127,b937c08dd4087cf5785f08afcdc3320976ec719092c17511182ea978a8029bb4
generator/captures/anomalies_seed159346_matrix_01/tx.jsonl,2872723,41f725b4e282ba8d34d3a51107ffff71615397699947b20c2be222d59c9febd4
raspberry_pi/captures/anomaly_seed159346_matrix_02/baseline.json,2935,fc11d9052d4986132da144dd2952c873a22a0a33d3e0819f7f721347889969a0
raspberry_pi/captures/anomaly_seed159346_matrix_02/config.json,1781,394b0c8d6c205a061545bc9a49f801204ff1e7b6fc4b755a267b31f62b0aa87f
raspberry_pi/captures/anomaly_seed159346_matrix_02/events.jsonl,45936,de2b1458c9e9439d4537fde17dd250dd35af2718267302a2eccbdb806e9d8309
raspberry_pi/captures/anomaly_seed159346_matrix_02/quality.jsonl,0,e3b0c44298fc1c149afbf4c8996fb92427ae41e4649b934ca495991b7852b855
raspberry_pi/captures/anomaly_seed159346_matrix_02/report.json,3289,ef8bb7075a36d53390c6904b68ac08d33a575735d47a97d7e4e361ae0a27ac40
raspberry_pi/captures/anomaly_seed159346_matrix_02/trace.canbin,713075,daf0dfb8c87584ab8cf7a4d759e0495f7cafd468a0f41e973ed4c5076885c841
generator/captures/anomalies_seed159346_matrix_02/config.json,20958,be102d374e4c5d7c4b5972aca23422e8ce6847abf11d87efec6a063f8cd2c135
generator/captures/anomalies_seed159346_matrix_02/report.json,2029,25842995bbb93850890711953c75b4f7333c31bb9826160e1b5c24deff9bc106
generator/captures/anomalies_seed159346_matrix_02/truth.json,7127,c62d63397ac6f1c00d65683d3f8e3bd4d372a1668bc0bdbd92f82d4d83c6155a
generator/captures/anomalies_seed159346_matrix_02/tx.jsonl,2873095,eba518e88ec90ed749611c52f01c4c21325a59e85830264bbd71cf1a7477ae8d
raspberry_pi/captures/anomaly_seed159346_matrix_03/baseline.json,2935,fc11d9052d4986132da144dd2952c873a22a0a33d3e0819f7f721347889969a0
raspberry_pi/captures/anomaly_seed159346_matrix_03/config.json,1781,dc67b44538686e94d8656f23fb4bede1c50c8c1272f8907abd8e28303abd2535
raspberry_pi/captures/anomaly_seed159346_matrix_03/events.jsonl,43442,060f177f260bf67139d8cb5214e624d71d4165576c81a1a7e59b4d9ab8402f5b
raspberry_pi/captures/anomaly_seed159346_matrix_03/quality.jsonl,90,3960cd1a9be1a6b15dd87e0994b2ff1e854bb0f1f9428487658e888c482a2cad
raspberry_pi/captures/anomaly_seed159346_matrix_03/report.json,3317,5670f69917dede3ace8f9281db3b25f003cb99352ef65fe2e508f433f4d3cc48
raspberry_pi/captures/anomaly_seed159346_matrix_03/trace.canbin,741781,20f54eb2d861e2344ec0605d7fa75d0af124cd14d501074db01ac0c978feda15
generator/captures/anomalies_seed159346_matrix_03/config.json,20958,c223c4ec00e108c16220cd75b3f36c2c0c9c941c3e4a00a13d8b11f7f02e3c01
generator/captures/anomalies_seed159346_matrix_03/report.json,2027,8b7d664740ed4cf0a055a2c00b2a9c06ad07e92a2596be10c396d6d6f45db36f
generator/captures/anomalies_seed159346_matrix_03/truth.json,7127,b61a1958e9e7b01dd30b4a1f7c25fe86792688dc66ff87b2eea1437b766a8c89
generator/captures/anomalies_seed159346_matrix_03/tx.jsonl,2869813,259eef674f7ba818ae9ddc8a88b468103cc7171d0ee4611f057e06a7640bdf81
raspberry_pi/captures/anomaly_seed42_matrix_01/baseline.json,2932,023cc976b6a3123674936ccb1fa2852f0333ee211ab1855c8b9251d1e34d53a1
raspberry_pi/captures/anomaly_seed42_matrix_01/config.json,1770,155109f6cf0d033bb0536e8e3fc8a9ee11169c3a605b1c068097ff350bcb33e8
raspberry_pi/captures/anomaly_seed42_matrix_01/events.jsonl,49819,159357d7d2b1f05f510b5067cc7de5113f36c61ddefa08ff07c6368c488190b9
raspberry_pi/captures/anomaly_seed42_matrix_01/quality.jsonl,386,918cd4e310e4fdde4e26d9d365ae32805ce25c7fe23e56ed1e97bfed29f0ce62
raspberry_pi/captures/anomaly_seed42_matrix_01/report.json,3347,03f86fb627c48c86c32e2818e239b379f7b58d441aac0dc26779f6dd1cabbe76
generator/captures/anomalies_seed42_matrix_01/config.json,20968,8477c7e095e740954b4eaae81edd8a0fb8ddb9993f3aac2cbcbcc68d98b09188
generator/captures/anomalies_seed42_matrix_01/report.json,2034,a3d3b364a5925816c18a57a0dcc2ae74653ef1efab304672437614017cbd6671
generator/captures/anomalies_seed42_matrix_01/truth.json,7113,5c305897ec434c2de205f0d67d5f6f267aa647b302d6ec2eafd8401ac5be0b53
generator/captures/anomalies_seed42_matrix_01/tx.jsonl,2779627,4cb70cee9072b84c3291fd46f5d579f8cefcfcb56281cebbacd65e5885913780
raspberry_pi/captures/anomalies_seed42_matrix_01/trace.canbin,709946,8e695027ae7e12b5fc06635f51341eae346181b6b892fe4159f4c4dfbd5b4baf
raspberry_pi/captures/anomaly_seed42_matrix_02/baseline.json,2932,023cc976b6a3123674936ccb1fa2852f0333ee211ab1855c8b9251d1e34d53a1
raspberry_pi/captures/anomaly_seed42_matrix_02/config.json,1770,59cb677373654ff9d6c1a581e88e7fd65d80a533c1d795c6fd0810a4e6de929a
raspberry_pi/captures/anomaly_seed42_matrix_02/events.jsonl,56703,cf0dd21f18979009d09b8e869521ff6b0e52b2415b4e31476f62dd59379b8c0a
raspberry_pi/captures/anomaly_seed42_matrix_02/quality.jsonl,481,145e3acbe01a8166be80b783606465570f492a644936006d56bb1b10daa6c53c
raspberry_pi/captures/anomaly_seed42_matrix_02/report.json,3372,a6e47c4c8e92dc6c98b25f32844dcf3fce3b6e636f86170fd229f11aa530abab
generator/captures/anomalies_seed42_matrix_02/config.json,20968,745c043f8093702a5684478f9a3687aed8b9868aff8da1fa81bd096f26f78864
generator/captures/anomalies_seed42_matrix_02/report.json,2024,9a5ebf8eb9581b2191339aecb783f33f358b3fdfe7c2ccb2477dab28cfcfc76b
generator/captures/anomalies_seed42_matrix_02/truth.json,7113,cee7c1741107fa7b15bf6815cf42e1e486f1e9100e64a87cb4947ccd3973a81f
generator/captures/anomalies_seed42_matrix_02/tx.jsonl,2871202,0e1bf1626032a7b6b5bb052d97124bdf78d1fa57a63c6e418da70073230ff3be
raspberry_pi/captures/anomalies_seed42_matrix_02/trace.canbin,707147,6e0ae37ac499b77ff41a8c81188f6474de3b76b4c4183cad1644babd488e0bbb
raspberry_pi/captures/anomaly_seed42_matrix_03/baseline.json,2932,023cc976b6a3123674936ccb1fa2852f0333ee211ab1855c8b9251d1e34d53a1
raspberry_pi/captures/anomaly_seed42_matrix_03/config.json,1770,018c6513f64a464ddd5783f58d7261d3e49304da73e52f8668bd87214c516d9b
raspberry_pi/captures/anomaly_seed42_matrix_03/events.jsonl,48780,e9547e386928b9e73a83e21bad225ece067d0061ccbf425f7cdcab7f567c609b
raspberry_pi/captures/anomaly_seed42_matrix_03/quality.jsonl,386,385ead312c89b6e1784e85015755bb22510675fa521aa02248b23b1b6ee27bea
raspberry_pi/captures/anomaly_seed42_matrix_03/report.json,3347,113327b00908d29e9fc53c1afeb14742a81b04546dfbd03ac080dfb58812b26d
generator/captures/anomalies_seed42_matrix_03/config.json,20968,6f69ad1335f63805519acedf2eb05d419f58236038401ce1b300172a6f8bec87
generator/captures/anomalies_seed42_matrix_03/report.json,2023,ed4ac1321bb55676e7b53d47ee60a23af7ffecf06451d10838f206cd04c0e89a
generator/captures/anomalies_seed42_matrix_03/truth.json,7113,b6605be072a337ae79ba9219ea06858f65421d8903913d2b0fc902a05059a172
generator/captures/anomalies_seed42_matrix_03/tx.jsonl,2869253,fdac11afbbcc6c872686429f6d14e1cf26c96a11b3d31771fd3123d9408847be
raspberry_pi/captures/anomalies_seed42_matrix_03/trace.canbin,714673,8305d48a157ced1e851933acdd0a69e40c4d45af5391dc20ac4ab5dd208d71b1
raspberry_pi/captures/anomaly_seed42_matrix_04/baseline.json,2932,023cc976b6a3123674936ccb1fa2852f0333ee211ab1855c8b9251d1e34d53a1
raspberry_pi/captures/anomaly_seed42_matrix_04/config.json,1770,5ce013553b4be0aaf8e1cedbb40de7b174f62dfa1bcb4e33b79be4f9c25ca670
raspberry_pi/captures/anomaly_seed42_matrix_04/events.jsonl,54529,e8542d80b80a7deaea7f5c998dbb8e1a388a91b05258724662d950c332f30cd2
raspberry_pi/captures/anomaly_seed42_matrix_04/quality.jsonl,579,30e3f926bddf71144939324fc01a6075d799110fbf966e25011594e7c18ff409
raspberry_pi/captures/anomaly_seed42_matrix_04/report.json,3347,9666983ff32caf627f58234e3a109897782ad6e62e02e496bd8cc8e85d239977
generator/captures/anomalies_seed42_matrix_04/config.json,20968,799d29cf9586f30d802754d26bc2b0e53da64fe11f94a0580ecfff195f8246b6
generator/captures/anomalies_seed42_matrix_04/report.json,2025,809e55bc16c8c9700618fa43b2e2b7cd2d76cee4c97a74e634099a9945a59826
generator/captures/anomalies_seed42_matrix_04/truth.json,7113,19d543b55ed3d65bdd355239e8e5be82cabb8649c508e465c66c254e579e9f0c
generator/captures/anomalies_seed42_matrix_04/tx.jsonl,2867355,2ffb076be8c4473bb6bf37f00e17ea7d62a3920d18fffc5ecd35e32779d2e686
raspberry_pi/captures/anomalies_seed42_matrix_04/trace.canbin,849715,8b70af8d2d71ba82d309e19bc2a834cc61459589df1f0672a6e85257744070fc
raspberry_pi/captures/anomaly_seed550994_matrix_01/baseline.json,2776,0c31445f4441e4b9eaf1cc1fc1efb778a40133c68ebb34caed93e9b628fc2ced
raspberry_pi/captures/anomaly_seed550994_matrix_01/config.json,1781,0ad580fb89c9a86ffdd5f95e9074b1447989c05e6e0ac704b12488c4ea864819
raspberry_pi/captures/anomaly_seed550994_matrix_01/events.jsonl,56544,a0a602a622547b84fe9273d660b480761cfa61ca215b76a40b8bb6daca01b1e2
raspberry_pi/captures/anomaly_seed550994_matrix_01/quality.jsonl,0,e3b0c44298fc1c149afbf4c8996fb92427ae41e4649b934ca495991b7852b855
raspberry_pi/captures/anomaly_seed550994_matrix_01/report.json,3273,87e74adabe67a427f3c3760e63aaaf4b2099196d41b9b65a2f85c0c8366b5c26
raspberry_pi/captures/anomaly_seed550994_matrix_01/trace.canbin,726841,12583930f44ea34c021a56a67f8217215bf65ec6bf714bde2b1d8306ec5de71d
generator/captures/anomalies_seed550994_matrix_01/config.json,20948,2612c87923f3fd1c8999a1a9b2e5e7a95fa0107869c328b432b33f709f8c0aa5
generator/captures/anomalies_seed550994_matrix_01/report.json,2014,a2becde983892b1e2118287c1371f0cfe5d293b6d259fbeff50f6496851cc935
generator/captures/anomalies_seed550994_matrix_01/truth.json,7119,7d29280a2f97989c294e456e6cc18ce8828569a531c6358b43ad55f69c04afc3
generator/captures/anomalies_seed550994_matrix_01/tx.jsonl,2866336,02fdca1952487b7442b79020a2baef7e2cbda12f026eab2f069c7ccf41ceacf2
raspberry_pi/captures/anomaly_seed550994_matrix_02/baseline.json,2776,0c31445f4441e4b9eaf1cc1fc1efb778a40133c68ebb34caed93e9b628fc2ced
raspberry_pi/captures/anomaly_seed550994_matrix_02/config.json,1781,00e77c9fb95472e393e587682d1857a5365b6ae4177464b26384557389cc2831
raspberry_pi/captures/anomaly_seed550994_matrix_02/events.jsonl,50390,f5c867cb962c507106366377d586d4d46d6807c36e89c7b784662867c0469ce7
raspberry_pi/captures/anomaly_seed550994_matrix_02/quality.jsonl,0,e3b0c44298fc1c149afbf4c8996fb92427ae41e4649b934ca495991b7852b855
raspberry_pi/captures/anomaly_seed550994_matrix_02/report.json,3271,a6c3a5892de239cd1f3346a44df3dfe9f0e329f735c3223ffe98d2cd42920d70
raspberry_pi/captures/anomaly_seed550994_matrix_02/trace.canbin,703441,de1deb8fbdd73cb65acb45881d40efd36ab3e715d71e16ab20f7a916d17566ce
generator/captures/anomalies_seed550994_matrix_02/config.json,20948,2ff0b6712467cd2dd391f47f3d9be3ecf74f8ab6df70830a7a0dca85022fc309
generator/captures/anomalies_seed550994_matrix_02/report.json,2051,b800697bd03d93c49ca1871aa408a266887ca39384b9a45bb18f34ea5e1f3514
generator/captures/anomalies_seed550994_matrix_02/truth.json,7119,6b7e0807d5977344e016f03eac37063b1b95904c9d673067efdb839afb303b8c
generator/captures/anomalies_seed550994_matrix_02/tx.jsonl,2857156,a31255f78a65544ebcb455da653e6a949891d882acd797179ebc3a018c03e449
raspberry_pi/captures/anomaly_seed550994_matrix_03/baseline.json,2776,0c31445f4441e4b9eaf1cc1fc1efb778a40133c68ebb34caed93e9b628fc2ced
raspberry_pi/captures/anomaly_seed550994_matrix_03/config.json,1781,08500720aa2288d0a53c16f6c3e1d5709b0c4b87bdfa45730f8e44c5e6afdf1d
raspberry_pi/captures/anomaly_seed550994_matrix_03/events.jsonl,48749,3875a1dae88e12a077caec481ca664f54a035c351ab14e9530c1ecb359f543b2
raspberry_pi/captures/anomaly_seed550994_matrix_03/quality.jsonl,0,e3b0c44298fc1c149afbf4c8996fb92427ae41e4649b934ca495991b7852b855
raspberry_pi/captures/anomaly_seed550994_matrix_03/report.json,3273,13add923adbc9c24c6f546421b6a87d76ab0ff1c36cb423eb850bd5be31868a5
raspberry_pi/captures/anomaly_seed550994_matrix_03/trace.canbin,696765,6caf14703c9aa0c448cb39a7c35f89583134b0697ecb4999d966469b79cbd4b6
generator/captures/anomalies_seed550994_matrix_03/config.json,20948,f6ba98e3648b82bec6c1d5cf18e2645b12ce219e97ed9df4a7779409dda6002a
generator/captures/anomalies_seed550994_matrix_03/report.json,2029,6d50c6a4388b34c5a5824e796501e601314dabfc83bc1a687ca608e9572025ea
generator/captures/anomalies_seed550994_matrix_03/truth.json,7119,3cea6e86ef406d64ff7ee3708ca21112cc013f1d9d7dbd88a89fa593a7e788c7
generator/captures/anomalies_seed550994_matrix_03/tx.jsonl,2860737,af4ddf05648f4a1dce90c36f893ed25d206bb489dd68db532af5c3934658d91c
raspberry_pi/captures/anomaly_seed805238_matrix_01/baseline.json,2930,dd48c7c79df617b6d0580f130368a2c0786d0fdd6a1f3ab1a9188545eef31784
raspberry_pi/captures/anomaly_seed805238_matrix_01/config.json,1781,2773fc46fddf62c8a95a5847a054f18f96458184e759992b25fc849ad7ae392c
raspberry_pi/captures/anomaly_seed805238_matrix_01/events.jsonl,44834,62af9adb594d2eeb3155879a920381de438d72df1bbb8e192fb0e155163d51ec
raspberry_pi/captures/anomaly_seed805238_matrix_01/quality.jsonl,284,12be48745359778bcae30d3c8a5bba5a17d666fab0abec5d6abfdaef51202b98
raspberry_pi/captures/anomaly_seed805238_matrix_01/report.json,3376,3c564fb76d377e627aabef225f12259abfd349935178db652e12f6365da267a2
raspberry_pi/captures/anomaly_seed805238_matrix_01/trace.canbin,708339,c23bcf424310f8fe9d200776f9d58a2176a0225c7ccd272bfa2f7c8594a7a161
generator/captures/anomalies_seed805238_matrix_01/config.json,20978,9dea78e47e5c0f5526fc356c8ae8b35fb43b6f5c30c2a773803f98cc5788eddd
generator/captures/anomalies_seed805238_matrix_01/report.json,2028,de71cc89dfdd558b9264bea12c4c6f4385a881e7730259d91f30031dc2e566a9
generator/captures/anomalies_seed805238_matrix_01/truth.json,7119,56b5a17d7b6a46dede4e049883e0ebc79d6f75b3d1542c5c0eac91f3462beba9
generator/captures/anomalies_seed805238_matrix_01/tx.jsonl,2845225,605d43d6a4a6f9462677b003af1e6a54796fcaffb7bfc3c3326af0e483564d93
raspberry_pi/captures/anomaly_seed805238_matrix_02/baseline.json,2930,dd48c7c79df617b6d0580f130368a2c0786d0fdd6a1f3ab1a9188545eef31784
raspberry_pi/captures/anomaly_seed805238_matrix_02/config.json,1781,7ca2d37a095dfc50569f136b5113fe1c4604b05f51fc46cda8e8ee218568b527
raspberry_pi/captures/anomaly_seed805238_matrix_02/events.jsonl,40893,556eab05385ededcf863733ef91b3d35b36a4d5c5052e47ca524bab91e296cc7
raspberry_pi/captures/anomaly_seed805238_matrix_02/quality.jsonl,0,e3b0c44298fc1c149afbf4c8996fb92427ae41e4649b934ca495991b7852b855
raspberry_pi/captures/anomaly_seed805238_matrix_02/report.json,3286,766b6301fef3d67ac72207721e69f55b6f2575b268220af7a7cb9fa332ada6ff
raspberry_pi/captures/anomaly_seed805238_matrix_02/trace.canbin,769300,d2567f625fac15981bc5999612cda16972079fb486e89663736795b47d7adcb2
generator/captures/anomalies_seed805238_matrix_02/config.json,20978,aa8e65ddc4c07bd524b3bf43646825975daf075cc6af6b9fd0f93fa177705600
generator/captures/anomalies_seed805238_matrix_02/report.json,2029,766bb7cfd8aae39f86aab8bf9083e55437e0153716944c119982e8fa97b9dafa
generator/captures/anomalies_seed805238_matrix_02/truth.json,7119,8767892e4afdad30aabfc606f7e0cbe8b89c72a2103ce5e95be2ca7a71895f4e
generator/captures/anomalies_seed805238_matrix_02/tx.jsonl,2845459,8c7ecbfbfbd63b6ff7704c0c31fffab4f210207e0e782c0c3ce3954f0557ee41
raspberry_pi/captures/anomaly_seed805238_matrix_03/baseline.json,2930,dd48c7c79df617b6d0580f130368a2c0786d0fdd6a1f3ab1a9188545eef31784
raspberry_pi/captures/anomaly_seed805238_matrix_03/config.json,1781,e9529e969af3f5dd6968639b117d0b6cd42b81e7ee5b8c4b118848e28877a97c
raspberry_pi/captures/anomaly_seed805238_matrix_03/events.jsonl,42427,aa5cc3d20c301646b7b447ecef0c8f93ca325e5d35aff6b5b8f857a4b7a3d0af
raspberry_pi/captures/anomaly_seed805238_matrix_03/quality.jsonl,284,a2b4d86f1b9902bc9826ad1f1b80b782bcb21118a1451b3a84eb409e64f6d88e
raspberry_pi/captures/anomaly_seed805238_matrix_03/report.json,3375,45f4067794bedca66a6a71e46757335d7e5dedea028c4e1d1b3c8cbb563d71a5
raspberry_pi/captures/anomaly_seed805238_matrix_03/trace.canbin,703015,da84ddc95ea77e4542a52b44e8bfb5975ac5e7ad204113b6b766649518db66a3
generator/captures/anomalies_seed805238_matrix_03/config.json,20978,f031fca437878f02ca9645fe48d38918d6299f7b0c19ef4fcfda6724a65e99c6
generator/captures/anomalies_seed805238_matrix_03/report.json,2027,898a85fce651a84243c217d482d908844efc5d6d3a83875874e9c011eeb5d526
generator/captures/anomalies_seed805238_matrix_03/truth.json,7119,58b4e0a36eeef34785214c4f97683e344a7c381cc4b62ff1daf9a623fefa15bd
generator/captures/anomalies_seed805238_matrix_03/tx.jsonl,2844814,daf025c01f5aef4d718cf41267e720d2a0714de72fc689b4f0d1b7bfd786acac
raspberry_pi/captures/anomaly_seed829730_matrix_01/baseline.json,2772,d04d83722c2a1c1617b950b655b07819d7eea12c79ead64694f911ceab61fa22
raspberry_pi/captures/anomaly_seed829730_matrix_01/config.json,1781,336a9f80c26d3068d84b002ee2c797595dbab0f3331e5edd3fc09e5fea1dee0d
raspberry_pi/captures/anomaly_seed829730_matrix_01/events.jsonl,45891,e7fb2b83f13cfa3d073b4b687c72b78705b373934bcb2fbade06150d5e6f4578
raspberry_pi/captures/anomaly_seed829730_matrix_01/quality.jsonl,89,110034b4c54a4941684ecd5252626383c2842da09fa5ded74213cbafd5be18cc
raspberry_pi/captures/anomaly_seed829730_matrix_01/report.json,3297,0c0ad1c9788927c43efc89946914ce2c4d0dbc1dbf7a15bbe494cfac968c97bf
raspberry_pi/captures/anomaly_seed829730_matrix_01/trace.canbin,763755,8ede69123fe24ec47b726c7bc7f4ebb4dd7875c7127524bf58ca0b4f05b58272
generator/captures/anomalies_seed829730_matrix_01/config.json,20954,bb4564071118d01ddd8a63e6ff487b750bb25aebb9a5205b51d452c6b1a3065c
generator/captures/anomalies_seed829730_matrix_01/report.json,2015,417a17b03b1c553bb0e635ebcbedb6e91481e84b95ea91984b49a90066726795
generator/captures/anomalies_seed829730_matrix_01/truth.json,7119,ee8932773118f1dfd5aa6ec6d47782b1738e242483e3052d030072a98ad01c8d
generator/captures/anomalies_seed829730_matrix_01/tx.jsonl,2866779,3a28ae630d26158732ca0055907aee178e14e5ff39c14c0f20cdbbc4be617782
raspberry_pi/captures/anomaly_seed829730_matrix_02/baseline.json,2772,d04d83722c2a1c1617b950b655b07819d7eea12c79ead64694f911ceab61fa22
raspberry_pi/captures/anomaly_seed829730_matrix_02/config.json,1781,9efc57681899f46d1a026a8bda56b7a534166c5cbc2e6d376e20cea0fd6f99f8
raspberry_pi/captures/anomaly_seed829730_matrix_02/events.jsonl,44953,8ba5040094d32c9662985e3da5fd379f0cb76980b7043cc2cc6dc2e7ae1eeb4f
raspberry_pi/captures/anomaly_seed829730_matrix_02/quality.jsonl,0,e3b0c44298fc1c149afbf4c8996fb92427ae41e4649b934ca495991b7852b855
raspberry_pi/captures/anomaly_seed829730_matrix_02/report.json,3268,951e6ff2528a0909c1fcd09b45fe1a655a13abf636dd2df7f4f34fecf862637b
raspberry_pi/captures/anomaly_seed829730_matrix_02/trace.canbin,700703,445c301773a2b0effbb31819d8bb6009f96c33ffd98b61661a8b7e0f0a986ab8
generator/captures/anomalies_seed829730_matrix_02/config.json,20954,830535176206e6e41f7384c4b55c205f8cd202542b5fa74a9db6d5f74167253d
generator/captures/anomalies_seed829730_matrix_02/report.json,2029,f87bdeb3371dbab0708f479619bdd92bbe6f8ad3fbb21a616b91dcab6d00e1d0
generator/captures/anomalies_seed829730_matrix_02/truth.json,7119,cb2a337ec0bfadec2e0531adf666671e11a2e03508f635f279474e293f55f269
generator/captures/anomalies_seed829730_matrix_02/tx.jsonl,2872587,20c1083af0c5398ae1301663c223ca43ab7bf87f57f11015492b51fd8277f65c
raspberry_pi/captures/anomaly_seed829730_matrix_03/baseline.json,2772,d04d83722c2a1c1617b950b655b07819d7eea12c79ead64694f911ceab61fa22
raspberry_pi/captures/anomaly_seed829730_matrix_03/config.json,1781,ad2f921c2e5eb8b3f5014b1778bb2a49950fdce0b4227d4e5d59f62bf898b301
raspberry_pi/captures/anomaly_seed829730_matrix_03/events.jsonl,46081,61cd423f4093a092f834f5a11ee15cea3aabc352fda2d17fee3804559779ca19
raspberry_pi/captures/anomaly_seed829730_matrix_03/quality.jsonl,0,e3b0c44298fc1c149afbf4c8996fb92427ae41e4649b934ca495991b7852b855
raspberry_pi/captures/anomaly_seed829730_matrix_03/report.json,3268,7597ec2f11eb332eb0b28d16dfdf772f1bcd731e98a41d56efc3d5f6c610a22b
raspberry_pi/captures/anomaly_seed829730_matrix_03/trace.canbin,700946,74ecad511ac9964d68be12680d3da554c0bcb459695c0877a6a5e7e640e40692
generator/captures/anomalies_seed829730_matrix_03/config.json,20954,713d60431c9bfbf804a56e425e48dade4aa0cf5ffdbb67701e9ae52d63b89cd1
generator/captures/anomalies_seed829730_matrix_03/report.json,2028,ca2edf6ee488253a12b21c1d5362e783c1f78b404c4bba467b037af936060ecc
generator/captures/anomalies_seed829730_matrix_03/truth.json,7119,9988740626ba918a9d8cddfe13e71eddae643ac641eac4fdeb2568f465aa0531
generator/captures/anomalies_seed829730_matrix_03/tx.jsonl,2867150,03d8f1a25d03a4ee0697c5a3e0252b5c154823e50d1277efafc839fa511e731f
raspberry_pi/captures/anomaly_seed86_matrix_01/baseline.json,2782,1c91f61180de22759c910e70d6d6c4020256ce3326dec333094f0dc67c9e2bdb
raspberry_pi/captures/anomaly_seed86_matrix_01/config.json,1769,9e59db5e386afef650c3dae6ab08291fc41199fb76063c2209f2b0c9b0445d1a
raspberry_pi/captures/anomaly_seed86_matrix_01/events.jsonl,41344,e4a43bed3dcfb205743bacbbb175791c239f1c5cd8a5836a04b344b660b3f085
raspberry_pi/captures/anomaly_seed86_matrix_01/quality.jsonl,0,e3b0c44298fc1c149afbf4c8996fb92427ae41e4649b934ca495991b7852b855
raspberry_pi/captures/anomaly_seed86_matrix_01/report.json,3251,ed179b6a479f8ef16d722e717a2d89646f930cbf907ef4d65d535cf99cf83511
raspberry_pi/captures/anomaly_seed86_matrix_01/trace.canbin,708781,5061ec01ac1a6f9b80b680349d91d2e8b95299b133771f22f119ca4fef79704d
generator/captures/anomalies_seed86_matrix_01/config.json,20936,6d645ad2f8fc0c78015ed4d61707a177964500bc8cc1cd83837b1d4b53eb05eb
generator/captures/anomalies_seed86_matrix_01/report.json,2024,930232d32d6d6fedf39f9d88c7c086eb319d9f0b0d74fe0514ead0ac1a1a47bf
generator/captures/anomalies_seed86_matrix_01/truth.json,7119,cd2685ce6cee929ec69839f517afa6082e208f27d2a749777d6d7c7dfa72ebf5
generator/captures/anomalies_seed86_matrix_01/tx.jsonl,2866164,bdd6dc519d7887a70a8e25e2d5f082521f5525fea58c31fc13c1cd43b3e162dc
raspberry_pi/captures/anomaly_seed86_matrix_02/baseline.json,2782,1c91f61180de22759c910e70d6d6c4020256ce3326dec333094f0dc67c9e2bdb
raspberry_pi/captures/anomaly_seed86_matrix_02/config.json,1769,b3bee4a6485cad69c476e8e5393939e66d56158783df4791ca1bfe1f0d4607aa
raspberry_pi/captures/anomaly_seed86_matrix_02/events.jsonl,40623,b7a042d7b22c19beca59aeae45b2b44b15a99e1c9936c0354d7433ff70713c5b
raspberry_pi/captures/anomaly_seed86_matrix_02/quality.jsonl,0,e3b0c44298fc1c149afbf4c8996fb92427ae41e4649b934ca495991b7852b855
raspberry_pi/captures/anomaly_seed86_matrix_02/report.json,3256,2ed91b57878c2231131acab2e6b18c319a325cde12faf083be0ca20e11b579d3
raspberry_pi/captures/anomaly_seed86_matrix_02/trace.canbin,699861,797349c1c827c5f2349441d05cf47a4e35bee8b3048d20289847d7bc00eede18
generator/captures/anomalies_seed86_matrix_02/config.json,20936,0fc0b8bc3ff8cda3333d5c4ced978808c390a35300d8ab8ff8ad769ff1c90f2f
generator/captures/anomalies_seed86_matrix_02/report.json,2024,8f6f8b2b994a5c7860c3e134ba77607feef2594365c2a335b840515532ce9ca1
generator/captures/anomalies_seed86_matrix_02/truth.json,7119,429f68128286f8fd43eaad74c26a393c376b52f2d17490b99b0ab5fd6dac43c4
generator/captures/anomalies_seed86_matrix_02/tx.jsonl,2869182,7a3ff536b3f6d25f61172d3c64647075661d7aba17bfd9399f639e4eb855b34d
raspberry_pi/captures/anomaly_seed86_matrix_03/baseline.json,2782,1c91f61180de22759c910e70d6d6c4020256ce3326dec333094f0dc67c9e2bdb
raspberry_pi/captures/anomaly_seed86_matrix_03/config.json,1769,151d5b74e925decfed2241a1fd648765fdc90836bd21b3894c4d65557bf51da9
raspberry_pi/captures/anomaly_seed86_matrix_03/events.jsonl,41799,294908056b995d41a9a243544562e38d87cc3992bbeb4eb87e50d83c30b91fd0
raspberry_pi/captures/anomaly_seed86_matrix_03/quality.jsonl,0,e3b0c44298fc1c149afbf4c8996fb92427ae41e4649b934ca495991b7852b855
raspberry_pi/captures/anomaly_seed86_matrix_03/report.json,3259,9902559e9b0c8e2a0ec1846e2eae641d29bc7613150b826fb2187725fecfebb7
raspberry_pi/captures/anomaly_seed86_matrix_03/trace.canbin,707099,c27e12af44cd37e8c2759324054e85e8343db2a2f7841f22c89ca77f32b641a6
generator/captures/anomalies_seed86_matrix_03/config.json,20936,21e69719cb92b6860f45762e3841567b18b14e9cba51a66aef6f3c68891541c5
generator/captures/anomalies_seed86_matrix_03/report.json,2022,f637135c5682e3011137de947a2cf6f00b5e72a6ef0267a579b6fbabdaf3fea1
generator/captures/anomalies_seed86_matrix_03/truth.json,7119,1d1eb4cb2cc6574aaf92d88d87682e7a25e6761bb7536e262b37518751444262
generator/captures/anomalies_seed86_matrix_03/tx.jsonl,2866043,b671f159b648af3cb22c5b7cd64ff4e442f26fb6acda5ea3df84e28bbb953a70
