episode,time_s,previous_s,interval_ms,ts_us,during_injection,included_in_statistics,outside_period_limits,outside_sigma_limits,expected_period_onset,expected_sigma_onset,lower_ms,upper_ms,sigma_lower_ms,sigma_upper_ms
E01,14.019896864706554,13.92489601860547,95.0,4093810924,False,False,False,False,False,False,70.00187159533074,130.00347581989996,81.16256699955517,118.84278041567552
E01,14.118341741481439,14.019896864706554,98.444,4093909368,False,False,False,False,False,False,70.00187159533074,130.00347581989996,81.16256699955517,118.84278041567552
E01,14.21833463204305,14.118341741481439,99.992,4094009360,False,False,False,False,False,False,70.00187159533074,130.00347581989996,81.16256699955517,118.84278041567552
E01,14.328904616806916,14.21833463204305,110.569,4094119929,False,False,False,False,False,False,70.00187159533074,130.00347581989996,81.16256699955517,118.84278041567552
E01,14.424496468172084,14.328904616806916,95.591,4094215520,False,False,False,False,False,False,70.00187159533074,130.00347581989996,81.16256699955517,118.84278041567552
E01,14.525485367604158,14.424496468172084,100.988,4094316508,False,False,False,False,False,False,70.00187159533074,130.00347581989996,81.16256699955517,118.84278041567552
E01,14.624331247950263,14.525485367604158,98.845,4094415353,False,False,False,False,False,False,70.00187159533074,130.00347581989996,81.16256699955517,118.84278041567552
E01,14.71834108522529,14.624331247950263,94.009,4094509362,False,False,False,False,False,False,70.00187159533074,130.00347581989996,81.16256699955517,118.84278041567552
E01,14.82488903416828,14.71834108522529,106.547,4094615909,False,False,False,False,False,False,70.00187159533074,130.00347581989996,81.16256699955517,118.84278041567552
E01,14.919307875085758,14.82488903416828,94.418,4094710327,False,False,False,False,False,False,70.00187159533074,130.00347581989996,81.16256699955517,118.84278041567552
E01,14.99834157898012,14.919307875085758,79.033,4094789360,False,False,False,True,False,True,70.00187159533074,130.00347581989996,81.16256699955517,118.84278041567552
E01,15.07632727354011,14.99834157898012,77.985,4094867345,True,False,False,True,False,False,70.00187159533074,130.00347581989996,81.16256699955517,118.84278041567552
E01,15.16330604819464,15.07632727354011,86.978,4094954323,True,True,False,False,False,False,70.00187159533074,130.00347581989996,81.16256699955517,118.84278041567552
E01,15.246885792576839,15.16330604819464,83.579,4095037902,True,True,False,False,False,False,70.00187159533074,130.00347581989996,81.16256699955517,118.84278041567552
E01,15.316886416020054,15.246885792576839,70.0,4095107902,True,True,True,True,True,True,70.00187159533074,130.00347581989996,81.16256699955517,118.84278041567552
E01,15.405477205031609,15.316886416020054,88.59,4095196492,True,True,False,False,False,False,70.00187159533074,130.00347581989996,81.16256699955517,118.84278041567552
E01,15.482883894434819,15.405477205031609,77.406,4095273898,True,True,False,True,False,True,70.00187159533074,130.00347581989996,81.16256699955517,118.84278041567552
E01,15.567882651455268,15.482883894434819,84.998,4095358896,True,True,False,False,False,False,70.00187159533074,130.00347581989996,81.16256699955517,118.84278041567552
E01,15.640461297858632,15.567882651455268,72.578,4095431474,True,True,False,True,False,True,70.00187159533074,130.00347581989996,81.16256699955517,118.84278041567552
E01,15.720881014096621,15.640461297858632,80.419,4095511893,True,True,False,True,False,False,70.00187159533074,130.00347581989996,81.16256699955517,118.84278041567552
E01,15.802891744504771,15.720881014096621,82.01,4095593903,True,True,False,False,False,False,70.00187159533074,130.00347581989996,81.16256699955517,118.84278041567552
E01,15.891300531895606,15.802891744504771,88.408,4095682311,True,True,False,False,False,False,70.00187159533074,130.00347581989996,81.16256699955517,118.84278041567552
E01,15.968879222830726,15.891300531895606,77.578,4095759889,True,True,False,True,False,True,70.00187159533074,130.00347581989996,81.16256699955517,118.84278041567552
E01,16.03787883735862,15.968879222830726,68.999,4095828888,True,True,True,True,True,False,70.00187159533074,130.00347581989996,81.16256699955517,118.84278041567552
E01,16.121877585472536,16.03787883735862,83.998,4095912886,True,True,False,False,False,False,70.00187159533074,130.00347581989996,81.16256699955517,118.84278041567552
E01,16.209877369220916,16.121877585472536,87.999,4096000885,True,True,False,False,False,False,70.00187159533074,130.00347581989996,81.16256699955517,118.84278041567552
E01,16.28734705918518,16.209877369220916,77.469,4096078354,True,True,False,True,False,True,70.00187159533074,130.00347581989996,81.16256699955517,118.84278041567552
E01,16.356875678424437,16.28734705918518,69.528,4096147882,True,True,True,True,True,False,70.00187159533074,130.00347581989996,81.16256699955517,118.84278041567552
E01,16.439295412474586,16.356875678424437,82.419,4096230301,True,True,False,False,False,False,70.00187159533074,130.00347581989996,81.16256699955517,118.84278041567552
E01,16.52929621404437,16.439295412474586,90.0,4096320301,True,True,False,False,False,False,70.00187159533074,130.00347581989996,81.16256699955517,118.84278041567552
E01,16.59887383372025,16.52929621404437,69.577,4096389878,True,True,True,True,True,True,70.00187159533074,130.00347581989996,81.16256699955517,118.84278041567552
E01,16.685292603387285,16.59887383372025,86.418,4096476296,True,True,False,False,False,False,70.00187159533074,130.00347581989996,81.16256699955517,118.84278041567552
E01,16.769291351501202,16.685292603387285,83.998,4096560294,True,True,False,False,False,False,70.00187159533074,130.00347581989996,81.16256699955517,118.84278041567552
E01,16.839291974943965,16.769291351501202,70.0,4096630294,True,True,True,True,True,True,70.00187159533074,130.00347581989996,81.16256699955517,118.84278041567552
E01,16.924451733398264,16.839291974943965,85.159,4096715453,True,True,False,False,False,False,70.00187159533074,130.00347581989996,81.16256699955517,118.84278041567552
E01,17.000310409014748,16.924451733398264,75.858,4096791311,True,True,False,True,False,True,70.00187159533074,130.00347581989996,81.16256699955517,118.84278041567552
E01,17.077871099789373,17.000310409014748,77.56,4096868871,True,True,False,True,False,False,70.00187159533074,130.00347581989996,81.16256699955517,118.84278041567552
E01,17.164308869625692,17.077871099789373,86.437,4096955308,True,True,False,False,False,False,70.00187159533074,130.00347581989996,81.16256699955517,118.84278041567552
E01,17.248307617739606,17.164308869625692,83.998,4097039306,True,True,False,False,False,False,70.00187159533074,130.00347581989996,81.16256699955517,118.84278041567552
E01,17.316867228348915,17.248307617739606,68.559,4097107865,True,True,True,True,True,True,70.00187159533074,130.00347581989996,81.16256699955517,118.84278041567552
E01,17.4048670120973,17.316867228348915,87.999,4097195864,True,True,False,False,False,False,70.00187159533074,130.00347581989996,81.16256699955517,118.84278041567552
E01,17.48230470177664,17.4048670120973,77.437,4097273301,True,True,False,True,False,True,70.00187159533074,130.00347581989996,81.16256699955517,118.84278041567552
E01,17.56745746016805,17.48230470177664,85.152,4097358453,True,True,False,False,False,False,70.00187159533074,130.00347581989996,81.16256699955517,118.84278041567552
E01,17.640863113937247,17.56745746016805,73.405,4097431858,True,True,False,True,False,True,70.00187159533074,130.00347581989996,81.16256699955517,118.84278041567552
E01,17.7218648353593,17.640863113937247,81.001,4097512859,True,True,False,True,False,False,70.00187159533074,130.00347581989996,81.16256699955517,118.84278041567552
E01,17.80386456566939,17.7218648353593,81.999,4097594858,True,True,False,False,False,False,70.00187159533074,130.00347581989996,81.16256699955517,118.84278041567552
E01,17.87886323362633,17.80386456566939,74.998,4097669856,True,True,False,True,False,True,70.00187159533074,130.00347581989996,81.16256699955517,118.84278041567552
E01,17.96328098547105,17.87886323362633,84.417,4097754273,True,True,False,False,False,False,70.00187159533074,130.00347581989996,81.16256699955517,118.84278041567552
E01,18.042300689240985,17.96328098547105,79.019,4097833292,True,True,False,True,False,True,70.00187159533074,130.00347581989996,81.16256699955517,118.84278041567552
E01,18.126309437443712,18.042300689240985,84.008,4097917300,True,True,False,False,False,False,70.00187159533074,130.00347581989996,81.16256699955517,118.84278041567552
E01,18.202441115491276,18.126309437443712,76.131,4097993431,True,True,False,True,False,True,70.00187159533074,130.00347581989996,81.16256699955517,118.84278041567552
E01,18.280298808911578,18.202441115491276,77.857,4098071288,True,True,False,True,False,False,70.00187159533074,130.00347581989996,81.16256699955517,118.84278041567552
E01,18.36327754794043,18.280298808911578,82.978,4098154266,True,True,False,False,False,False,70.00187159533074,130.00347581989996,81.16256699955517,118.84278041567552
E01,18.443276260429123,18.36327754794043,79.998,4098234264,True,True,False,True,False,True,70.00187159533074,130.00347581989996,81.16256699955517,118.84278041567552
E01,18.52885802264197,18.443276260429123,85.581,4098319845,True,True,False,False,False,False,70.00187159533074,130.00347581989996,81.16256699955517,118.84278041567552
E01,18.601274667602688,18.52885802264197,72.416,4098392261,True,True,False,True,False,True,70.00187159533074,130.00347581989996,81.16256699955517,118.84278041567552
E01,18.679857367479954,18.601274667602688,78.582,4098470843,True,True,False,True,False,False,70.00187159533074,130.00347581989996,81.16256699955517,118.84278041567552
E01,18.757447058512675,18.679857367479954,77.589,4098548432,True,True,False,True,False,False,70.00187159533074,130.00347581989996,81.16256699955517,118.84278041567552
E01,18.843852828064072,18.757447058512675,86.405,4098634837,True,True,False,False,False,False,70.00187159533074,130.00347581989996,81.16256699955517,118.84278041567552
E01,18.923852540562013,18.843852828064072,79.999,4098714836,True,True,False,True,False,True,70.00187159533074,130.00347581989996,81.16256699955517,118.84278041567552
E01,18.999445213809402,18.923852540562013,75.592,4098790428,True,True,False,True,False,False,70.00187159533074,130.00347581989996,81.16256699955517,118.84278041567552
E01,19.07727190695312,18.999445213809402,77.826,4098868254,True,True,False,True,False,False,70.00187159533074,130.00347581989996,81.16256699955517,118.84278041567552
E01,19.164292681981834,19.07727190695312,87.02,4098955274,True,True,False,False,False,False,70.00187159533074,130.00347581989996,81.16256699955517,118.84278041567552
E01,19.247850426167922,19.164292681981834,83.557,4099038831,True,True,False,False,False,False,70.00187159533074,130.00347581989996,81.16256699955517,118.84278041567552
E01,19.31628903569953,19.247850426167922,68.438,4099107269,True,True,True,True,True,True,70.00187159533074,130.00347581989996,81.16256699955517,118.84278041567552
E01,19.4048498244442,19.31628903569953,88.56,4099195829,True,True,False,False,False,False,70.00187159533074,130.00347581989996,81.16256699955517,118.84278041567552
E01,19.487266558468427,19.4048498244442,82.416,4099278245,True,True,False,False,False,False,70.00187159533074,130.00347581989996,81.16256699955517,118.84278041567552
E01,19.57084730285896,19.487266558468427,83.58,4099361825,True,True,False,False,False,False,70.00187159533074,130.00347581989996,81.16256699955517,118.84278041567552
E01,19.643439949387663,19.57084730285896,72.592,4099434417,True,True,False,True,False,True,70.00187159533074,130.00347581989996,81.16256699955517,118.84278041567552
E01,19.730283722840063,19.643439949387663,86.843,4099521260,True,True,False,False,False,False,70.00187159533074,130.00347581989996,81.16256699955517,118.84278041567552
E01,19.808867422725665,19.730283722840063,78.583,4099599843,True,True,False,True,False,True,70.00187159533074,130.00347581989996,81.16256699955517,118.84278041567552
E01,19.88984614394236,19.808867422725665,80.978,4099680821,True,True,False,True,False,False,70.00187159533074,130.00347581989996,81.16256699955517,118.84278041567552
E01,19.967842838600408,19.88984614394236,77.996,4099758817,True,True,False,True,False,False,70.00187159533074,130.00347581989996,81.16256699955517,118.84278041567552
E01,20.037261456860016,19.967842838600408,69.418,4099828235,True,True,True,True,True,False,70.00187159533074,130.00347581989996,81.16256699955517,118.84278041567552
E01,20.11984319235326,20.037261456860016,82.581,4099910816,True,True,False,False,False,False,70.00187159533074,130.00347581989996,81.16256699955517,118.84278041567552
E01,20.208281980011893,20.11984319235326,88.438,4099999254,True,True,False,False,False,False,70.00187159533074,130.00347581989996,81.16256699955517,118.84278041567552
E01,20.285841670777273,20.208281980011893,77.559,4100076813,True,True,False,True,False,True,70.00187159533074,130.00347581989996,81.16256699955517,118.84278041567552
E01,20.37184143671259,20.285841670777273,85.999,4100162812,True,True,False,False,False,False,70.00187159533074,130.00347581989996,81.16256699955517,118.84278041567552
E01,20.437840024512546,20.37184143671259,65.998,4100228810,True,True,True,True,True,True,70.00187159533074,130.00347581989996,81.16256699955517,118.84278041567552
E01,20.528276829965755,20.437840024512546,90.436,4100319246,True,True,False,False,False,False,70.00187159533074,130.00347581989996,81.16256699955517,118.84278041567552
E01,20.60083947622711,20.528276829965755,72.562,4100391808,True,True,False,True,False,True,70.00187159533074,130.00347581989996,81.16256699955517,118.84278041567552
E01,20.679256174625213,20.60083947622711,78.416,4100470224,True,True,False,True,False,False,70.00187159533074,130.00347581989996,81.16256699955517,118.84278041567552
E01,20.771835999164388,20.679256174625213,92.579,4100562803,True,True,False,False,False,False,70.00187159533074,130.00347581989996,81.16256699955517,118.84278041567552
E01,20.843256635254644,20.771835999164388,71.42,4100634223,True,True,False,True,False,True,70.00187159533074,130.00347581989996,81.16256699955517,118.84278041567552
E01,20.92325834777016,20.843256635254644,80.001,4100714224,True,True,False,True,False,False,70.00187159533074,130.00347581989996,81.16256699955517,118.84278041567552
E01,21.021835225719894,20.92325834777016,98.576,4100812800,False,False,False,False,False,False,70.00187159533074,130.00347581989996,81.16256699955517,118.84278041567552
E01,21.118834089616012,21.021835225719894,96.998,4100909798,False,False,False,False,False,False,70.00187159533074,130.00347581989996,81.16256699955517,118.84278041567552
E01,21.218832980231728,21.118834089616012,99.998,4101009796,False,False,False,False,False,False,70.00187159533074,130.00347581989996,81.16256699955517,118.84278041567552
E01,21.328833959927625,21.218832980231728,110.0,4101119796,False,False,False,False,False,False,70.00187159533074,130.00347581989996,81.16256699955517,118.84278041567552
E01,21.42542482019008,21.328833959927625,96.59,4101216386,False,False,False,False,False,False,70.00187159533074,130.00347581989996,81.16256699955517,118.84278041567552
E01,21.52583071443021,21.42542482019008,100.405,4101316791,False,False,False,False,False,False,70.00187159533074,130.00347581989996,81.16256699955517,118.84278041567552
E01,21.62482859613015,21.52583071443021,98.997,4101415788,False,False,False,False,False,False,70.00187159533074,130.00347581989996,81.16256699955517,118.84278041567552
E01,21.7198274422132,21.62482859613015,94.998,4101510786,False,False,False,False,False,False,70.00187159533074,130.00347581989996,81.16256699955517,118.84278041567552
E01,21.815246292037212,21.7198274422132,95.418,4101606204,False,False,False,False,False,False,70.00187159533074,130.00347581989996,81.16256699955517,118.84278041567552
E01,21.922406246430693,21.815246292037212,107.159,4101713363,False,False,False,False,False,False,70.00187159533074,130.00347581989996,81.16256699955517,118.84278041567552
E04,44.01763103202617,43.91905115404962,98.579,4123808391,False,False,False,False,False,False,70.00187159533074,130.00347581989996,81.16256699955517,118.84278041567552
E04,44.11406989093525,44.01763103202617,96.438,4123904829,False,False,False,False,False,False,70.00187159533074,130.00347581989996,81.16256699955517,118.84278041567552
E04,44.22063083999387,44.11406989093525,106.56,4124011389,False,False,False,False,False,False,70.00187159533074,130.00347581989996,81.16256699955517,118.84278041567552
E04,44.314628677162055,44.22063083999387,93.997,4124105386,False,False,False,False,False,False,70.00187159533074,130.00347581989996,81.16256699955517,118.84278041567552
E04,44.4282066887163,44.314628677162055,113.577,4124218963,False,False,False,False,False,False,70.00187159533074,130.00347581989996,81.16256699955517,118.84278041567552
E04,44.527627574183114,44.4282066887163,99.42,4124318383,False,False,False,False,False,False,70.00187159533074,130.00347581989996,81.16256699955517,118.84278041567552
E04,44.61662536681954,44.527627574183114,88.997,4124407380,False,False,False,False,False,False,70.00187159533074,130.00347581989996,81.16256699955517,118.84278041567552
E04,44.718624275247414,44.61662536681954,101.998,4124509378,False,False,False,False,False,False,70.00187159533074,130.00347581989996,81.16256699955517,118.84278041567552
E04,44.82504322304147,44.718624275247414,106.418,4124615796,False,False,False,False,False,False,70.00187159533074,130.00347581989996,81.16256699955517,118.84278041567552
E04,44.919625065411296,44.82504322304147,94.581,4124710377,False,False,False,False,False,False,70.00187159533074,130.00347581989996,81.16256699955517,118.84278041567552
E04,44.998623768993454,44.919625065411296,78.998,4124789375,False,False,False,True,False,True,70.00187159533074,130.00347581989996,81.16256699955517,118.84278041567552
E04,45.12206186836331,44.998623768993454,123.437,4124912812,True,False,False,True,False,False,70.00187159533074,130.00347581989996,81.16256699955517,118.84278041567552
E04,45.24703798143245,45.12206186836331,124.975,4125037787,True,True,False,True,False,False,70.00187159533074,130.00347581989996,81.16256699955517,118.84278041567552
E04,45.372619099889185,45.24703798143245,125.58,4125163367,True,True,False,True,False,False,70.00187159533074,130.00347581989996,81.16256699955517,118.84278041567552
E04,45.49903822580936,45.372619099889185,126.418,4125289785,True,True,False,True,False,False,70.00187159533074,130.00347581989996,81.16256699955517,118.84278041567552
E04,45.62661736206067,45.49903822580936,127.578,4125417363,True,True,False,True,False,False,70.00187159533074,130.00347581989996,81.16256699955517,118.84278041567552
E04,45.756615519856766,45.62661736206067,129.997,4125547360,True,True,False,True,False,False,70.00187159533074,130.00347581989996,81.16256699955517,118.84278041567552
E04,45.87219554924165,45.756615519856766,115.579,4125662939,True,True,False,False,False,False,70.00187159533074,130.00347581989996,81.16256699955517,118.84278041567552
E04,46.00161370187218,45.87219554924165,129.417,4125792356,True,True,False,True,False,True,70.00187159533074,130.00347581989996,81.16256699955517,118.84278041567552
E04,46.12261577954737,46.00161370187218,121.001,4125913357,True,True,False,True,False,False,70.00187159533074,130.00347581989996,81.16256699955517,118.84278041567552
E04,46.247611892793216,46.12261577954737,124.995,4126038352,True,True,False,True,False,False,70.00187159533074,130.00347581989996,81.16256699955517,118.84278041567552
E04,46.3756110327864,46.247611892793216,127.998,4126166350,True,True,False,True,False,False,70.00187159533074,130.00347581989996,81.16256699955517,118.84278041567552
E04,46.499610137153454,46.3756110327864,123.998,4126290348,True,True,False,True,False,False,70.00187159533074,130.00347581989996,81.16256699955517,118.84278041567552
E04,46.622608232604726,46.499610137153454,122.997,4126413345,True,True,False,True,False,False,70.00187159533074,130.00347581989996,81.16256699955517,118.84278041567552
E04,46.761199466933384,46.622608232604726,138.59,4126551935,True,True,True,True,True,False,70.00187159533074,130.00347581989996,81.16256699955517,118.84278041567552
E04,46.87560548586134,46.761199466933384,114.405,4126666340,True,True,False,False,False,False,70.00187159533074,130.00347581989996,81.16256699955517,118.84278041567552
E04,47.000604599134924,46.87560548586134,124.998,4126791338,True,True,False,True,False,True,70.00187159533074,130.00347581989996,81.16256699955517,118.84278041567552
E04,47.12160367678329,47.000604599134924,120.998,4126912336,True,True,False,True,False,False,70.00187159533074,130.00347581989996,81.16256699955517,118.84278041567552
E04,47.26160292365123,47.12160367678329,139.998,4127052334,True,True,True,True,True,False,70.00187159533074,130.00347581989996,81.16256699955517,118.84278041567552
E04,47.37260091222684,47.26160292365123,110.997,4127163331,True,True,False,False,False,False,70.00187159533074,130.00347581989996,81.16256699955517,118.84278041567552
E04,47.50160006112564,47.37260091222684,128.998,4127292329,True,True,False,True,False,True,70.00187159533074,130.00347581989996,81.16256699955517,118.84278041567552
E04,47.6306002100337,47.50160006112564,128.999,4127421328,True,True,False,True,False,False,70.00187159533074,130.00347581989996,81.16256699955517,118.84278041567552
E04,47.74659824314106,47.6306002100337,115.997,4127537325,True,True,False,False,False,False,70.00187159533074,130.00347581989996,81.16256699955517,118.84278041567552
E04,47.87617539718695,47.74659824314106,129.576,4127666901,True,True,False,True,False,True,70.00187159533074,130.00347581989996,81.16256699955517,118.84278041567552
E04,48.00159551420983,47.87617539718695,125.419,4127792320,True,True,False,True,False,False,70.00187159533074,130.00347581989996,81.16256699955517,118.84278041567552
E04,48.12403260466573,48.00159551420983,122.436,4127914756,True,True,False,True,False,False,70.00187159533074,130.00347581989996,81.16256699955517,118.84278041567552
E04,48.251594740766244,48.12403260466573,127.561,4128042317,True,True,False,True,False,False,70.00187159533074,130.00347581989996,81.16256699955517,118.84278041567552
E04,48.37159280949883,48.251594740766244,119.997,4128162314,True,True,False,True,False,False,70.00187159533074,130.00347581989996,81.16256699955517,118.84278041567552
E04,48.50159196730326,48.37159280949883,129.998,4128292312,True,True,False,True,False,False,70.00187159533074,130.00347581989996,81.16256699955517,118.84278041567552
E04,48.62959110729645,48.50159196730326,127.998,4128420310,True,True,False,True,False,False,70.00187159533074,130.00347581989996,81.16256699955517,118.84278041567552
E04,48.75900825991773,48.62959110729645,129.416,4128549726,True,True,False,True,False,False,70.00187159533074,130.00347581989996,81.16256699955517,118.84278041567552
E04,48.87402628429709,48.75900825991773,115.017,4128664743,True,True,False,False,False,False,70.00187159533074,130.00347581989996,81.16256699955517,118.84278041567552
E04,49.01158550943338,48.87402628429709,137.558,4128802301,True,True,True,True,True,True,70.00187159533074,130.00347581989996,81.16256699955517,118.84278041567552
E04,49.123584506924765,49.01158550943338,111.998,4128914299,True,True,False,False,False,False,70.00187159533074,130.00347581989996,81.16256699955517,118.84278041567552
E04,49.25258365582357,49.123584506924765,128.998,4129043297,True,True,False,True,False,True,70.00187159533074,130.00347581989996,81.16256699955517,118.84278041567552
E04,49.375583751293334,49.25258365582357,122.999,4129166296,True,True,False,True,False,False,70.00187159533074,130.00347581989996,81.16256699955517,118.84278041567552
E04,49.50158287347254,49.375583751293334,125.998,4129292294,True,True,False,True,False,False,70.00187159533074,130.00347581989996,81.16256699955517,118.84278041567552
E04,49.63158203127788,49.50158287347254,129.998,4129422292,True,True,False,True,False,False,70.00187159533074,130.00347581989996,81.16256699955517,118.84278041567552
E04,49.74717406076916,49.63158203127788,115.591,4129537883,True,True,False,False,False,False,70.00187159533074,130.00347581989996,81.16256699955517,118.84278041567552
E04,49.88257926672143,49.74717406076916,135.404,4129673287,True,True,True,True,True,True,70.00187159533074,130.00347581989996,81.16256699955517,118.84278041567552
E04,49.999578308744574,49.88257926672143,116.998,4129790285,True,True,False,False,False,False,70.00187159533074,130.00347581989996,81.16256699955517,118.84278041567552
E04,50.12299640793681,49.999578308744574,123.417,4129913702,True,True,False,True,False,True,70.00187159533074,130.00347581989996,81.16256699955517,118.84278041567552
E04,50.251576553103895,50.12299640793681,128.579,4130042281,True,True,False,True,False,False,70.00187159533074,130.00347581989996,81.16256699955517,118.84278041567552
E04,50.38615475169079,50.251576553103895,134.577,4130176858,True,True,True,True,True,False,70.00187159533074,130.00347581989996,81.16256699955517,118.84278041567552
E04,50.501574779650156,50.38615475169079,115.419,4130292277,True,True,False,False,False,False,70.00187159533074,130.00347581989996,81.16256699955517,118.84278041567552
E04,50.62957391964334,50.501574779650156,127.998,4130420275,True,True,False,True,False,True,70.00187159533074,130.00347581989996,81.16256699955517,118.84278041567552
E04,50.75899407229145,50.62957391964334,129.419,4130549694,True,True,False,True,False,False,70.00187159533074,130.00347581989996,81.16256699955517,118.84278041567552
E04,50.873570092733736,50.75899407229145,114.575,4130664269,True,True,False,False,False,False,70.00187159533074,130.00347581989996,81.16256699955517,118.84278041567552
E04,51.01898838786515,50.873570092733736,145.417,4130809686,False,False,True,True,True,True,70.00187159533074,130.00347581989996,81.16256699955517,118.84278041567552
E04,51.11556824802955,51.01898838786515,96.579,4130906265,False,False,False,False,False,False,70.00187159533074,130.00347581989996,81.16256699955517,118.84278041567552
E04,51.22898625815918,51.11556824802955,113.417,4131019682,False,False,False,False,False,False,70.00187159533074,130.00347581989996,81.16256699955517,118.84278041567552
E04,51.319566064885294,51.22898625815918,90.579,4131110261,False,False,False,False,False,False,70.00187159533074,130.00347581989996,81.16256699955517,118.84278041567552
E04,51.422565982228946,51.319566064885294,102.999,4131213260,False,False,False,False,False,False,70.00187159533074,130.00347581989996,81.16256699955517,118.84278041567552
E04,51.52656590847822,51.422565982228946,103.999,4131317259,False,False,False,False,False,False,70.00187159533074,130.00347581989996,81.16256699955517,118.84278041567552
E04,51.624563781271625,51.52656590847822,97.997,4131415256,False,False,False,False,False,False,70.00187159533074,130.00347581989996,81.16256699955517,118.84278041567552
E04,51.718983622198344,51.624563781271625,94.419,4131509675,False,False,False,False,False,False,70.00187159533074,130.00347581989996,81.16256699955517,118.84278041567552
E04,51.8245605624929,51.718983622198344,105.576,4131615251,False,False,False,False,False,False,70.00187159533074,130.00347581989996,81.16256699955517,118.84278041567552
E04,51.918980403419624,51.8245605624929,94.419,4131709670,False,False,False,False,False,False,70.00187159533074,130.00347581989996,81.16256699955517,118.84278041567552
