baseline,seed,can_id,frame_count,interval_count,period_us,std_us,generator_period_s,period_error_pct
baseline_dbc_seed42,42,6,18,14,,2508.935989821318,10.0,
baseline_dbc_seed42,42,13,1800,1796,99994.36525612485,5335.312179171525,0.1,-0.005634743875149173
baseline_dbc_seed42,42,26,1800,1796,100009.16425389746,6859.905965583714,0.1,0.009164253897453456
baseline_dbc_seed42,42,1028,1800,1796,99997.93207126959,6048.278827291989,0.1,-0.0020679287304092853
baseline_dbc_seed42,42,1034,18,14,,2816.914603365115,10.0,
baseline_dbc_seed42,42,1036,900,896,199994.37276785704,6118.535481747355,0.2,-0.002813616071473124
baseline_dbc_seed42,42,1038,900,896,200013.0948660713,5717.235000821333,0.2,0.006547433035652972
baseline_dbc_seed42,42,1280,1800,1796,99984.13307349669,5432.646730604888,0.1,-0.015866926503305123
baseline_dbc_seed42,42,1317,900,896,199993.38169642875,6260.699725863948,0.2,-0.003309151785624298
baseline_dbc_seed42,42,1324,180,176,1000028.863636364,4358.929653027374,1.0,0.0028863636363896106
baseline_dbc_seed42,42,1326,180,176,999948.5681818182,3928.582001283134,1.0,-0.005143181818179077
baseline_dbc_seed42,42,1327,180,176,1000052.772727273,8165.300692046125,1.0,0.005277272727299831
baseline_dbc_seed42,42,1328,18,14,,2366.858919085963,10.0,
baseline_dbc_seed42,42,1407,18,14,,2245.969310310657,10.0,
baseline_dbc_seed42,42,1553,1800,1796,99995.01781737179,6001.571199318087,0.1,-0.004982182628210374
baseline_dbc_seed42,42,1760,1800,1796,99988.7438752784,7083.583188036896,0.1,-0.011256124721603644
baseline_dbc_seed42,42,2026,180,176,999962.2954545453,3434.6972446937166,1.0,-0.0037704545454708693
baseline_matrix_seed159346,159346,6,18,17,,5556.885263075939,10.0,
baseline_matrix_seed159346,159346,10,180,179,1000026.8994413407,6206.101372590623,1.0,0.002689944134059985
baseline_matrix_seed159346,159346,127,1800,1799,99998.14118954969,6303.639114486157,0.1,-0.0018588104503169944
baseline_matrix_seed159346,159346,385,1800,1799,100000.4463590885,6438.542116865184,0.1,0.0004463590884906665
baseline_matrix_seed159346,159346,1034,18,17,,3995.7070042319046,10.0,
baseline_matrix_seed159346,159346,1037,900,899,199998.6651835372,7049.38252222332,0.2,-0.0006674082314028773
baseline_matrix_seed159346,159346,1039,900,899,200002.60622914357,5610.595625726631,0.2,0.0013031145717823378
baseline_matrix_seed159346,159346,1280,1800,1799,99997.98665925508,6142.364260626089,0.1,-0.0020133407449218765
baseline_matrix_seed159346,159346,1317,900,899,199993.59176863183,6124.221705897009,0.2,-0.003204115684085629
baseline_matrix_seed159346,159346,1326,180,179,999993.3910614525,2227.0274582018296,1.0,-0.0006608938547536525
baseline_matrix_seed159346,159346,1327,180,179,1000002.0223463689,3811.383613568697,1.0,0.00020223463688129328
baseline_matrix_seed159346,159346,1328,18,17,,6886.916743243904,10.0,
baseline_matrix_seed159346,159346,1407,18,17,,1918.709766887705,10.0,
baseline_matrix_seed159346,159346,1763,1800,1799,100002.9783212896,4873.925045102525,0.1,0.0029783212895928557
baseline_matrix_seed159346,159346,1872,1800,1799,100000.19899944412,6747.605518543933,0.1,0.00019899944412316017
baseline_matrix_seed159346,159346,1873,1800,1799,100005.45636464692,5164.068708013181,0.1,0.005456364646927447
baseline_matrix_seed159346,159346,1881,180,179,1000001.5139664804,7912.397103645809,1.0,0.00015139664804042496
baseline_matrix_seed550994,550994,6,18,17,,3018.4150679604563,10.0,
baseline_matrix_seed550994,550994,10,180,179,999992.5530726257,7111.511378011396,1.0,-0.0007446927374310519
baseline_matrix_seed550994,550994,17,1800,1799,100002.93051695387,5926.439876609726,0.1,0.0029305169538806908
baseline_matrix_seed550994,550994,27,1800,1799,99999.34685936634,5752.574263184422,0.1,-0.0006531406336551804
baseline_matrix_seed550994,550994,96,1800,1799,100000.70872707048,6504.156657228884,0.1,0.0007087270704753124
baseline_matrix_seed550994,550994,1025,1800,1799,99998.2329071707,6191.4296866706945,0.1,-0.001767092829296768
baseline_matrix_seed550994,550994,1034,18,17,,4592.401233179308,10.0,
baseline_matrix_seed550994,550994,1037,900,899,199982.63292547286,5477.54699132006,0.2,-0.008683537263565189
baseline_matrix_seed550994,550994,1325,180,179,999993.5363128497,2937.5816151875874,1.0,-0.0006463687150293218
baseline_matrix_seed550994,550994,1328,18,17,,4085.207461919161,10.0,
baseline_matrix_seed550994,550994,1329,180,179,999962.6201117317,3844.505273013989,1.0,-0.0037379888268351813
baseline_matrix_seed550994,550994,1407,18,17,,2372.0911598393377,10.0,
baseline_matrix_seed550994,550994,1425,1800,1799,99999.34685936634,5718.976743777176,0.1,-0.0006531406336551804
baseline_matrix_seed550994,550994,1553,1801,1800,99999.95111111109,4972.81681632463,0.1,-4.8888888903864114e-05
baseline_matrix_seed550994,550994,1881,180,179,999995.8770949724,2718.9869676307303,1.0,-0.0004122905027603707
baseline_matrix_seed550994,550994,2021,1800,1799,99995.54585881038,4537.376146841342,0.1,-0.004454141189624838
baseline_matrix_seed805238,805238,6,18,17,,5887.02578927587,10.0,
baseline_matrix_seed805238,805238,9,180,179,1000004.6424581006,3114.986784154933,1.0,0.00046424581006121457
baseline_matrix_seed805238,805238,10,180,179,1000001.5083798883,7290.779346474562,1.0,0.00015083798883264166
baseline_matrix_seed805238,805238,65,1801,1800,99999.02666666677,5960.796541510946,0.1,-0.0009733333332206939
baseline_matrix_seed805238,805238,455,1800,1799,99999.43690939383,6747.231844663525,0.1,-0.0005630906061759866
baseline_matrix_seed805238,805238,512,1800,1799,99996.09949972195,6405.817831093281,0.1,-0.0039005002780423403
baseline_matrix_seed805238,805238,1034,18,17,,2925.369481292379,10.0,
baseline_matrix_seed805238,805238,1037,901,900,199989.3244444445,6874.555292385762,0.2,-0.0053377777777474655
baseline_matrix_seed805238,805238,1038,900,899,199999.1490545049,4469.793214631377,0.2,-0.0004254727475450082
baseline_matrix_seed805238,805238,1317,900,899,200006.46607341498,6078.947707818226,0.2,0.0032330367074839828
baseline_matrix_seed805238,805238,1327,180,179,1000004.6424581007,2630.9833719445473,1.0,0.00046424581006121457
baseline_matrix_seed805238,805238,1328,18,17,,2081.9099129917195,10.0,
baseline_matrix_seed805238,805238,1407,18,17,,3067.1476013236475,10.0,
baseline_matrix_seed805238,805238,1425,1801,1800,99999.07888888872,6818.859863268023,0.1,-0.0009211111112850112
baseline_matrix_seed805238,805238,1761,1800,1799,100001.56197887722,6731.304384390008,0.1,0.0015619788772180954
baseline_matrix_seed805238,805238,1763,1800,1799,100001.32740411336,5812.714191725352,0.1,0.0013274041133604086
baseline_matrix_seed805238,805238,1881,180,179,999993.4525139666,3469.485721993882,1.0,-0.0006547486033459116
baseline_matrix_seed829730,829730,6,18,17,,3344.839967517837,,
baseline_matrix_seed829730,829730,9,180,179,999993.7318435755,6111.707218414739,,
baseline_matrix_seed829730,829730,10,180,179,1000004.8826815637,7788.620298117477,,
baseline_matrix_seed829730,829730,15,1800,1799,99991.89271817685,6450.634902728691,,
baseline_matrix_seed829730,829730,24,1800,1799,100003.81156197909,5524.921842407675,,
baseline_matrix_seed829730,829730,103,1800,1799,100007.15175097279,5456.912074147441,,
baseline_matrix_seed829730,829730,118,1800,1799,100004.9244024458,6549.570404325937,,
baseline_matrix_seed829730,829730,145,1801,1800,99997.78722222219,5780.552078281587,,
baseline_matrix_seed829730,829730,455,1800,1799,99995.93718732621,6960.299918220872,,
baseline_matrix_seed829730,829730,458,1800,1799,100001.34685936631,5978.995285078274,,
baseline_matrix_seed829730,829730,1034,18,17,,4816.21928782017,,
baseline_matrix_seed829730,829730,1317,900,899,199987.6117908787,5669.296959895716,,
baseline_matrix_seed829730,829730,1324,180,179,1000008.2178770946,2677.52892050251,,
baseline_matrix_seed829730,829730,1328,18,17,,1836.9178714454983,,
baseline_matrix_seed829730,829730,1407,18,17,,2693.9592439946605,,
baseline_matrix_seed829730,829730,2026,180,179,999988.2849162011,3953.734481346764,,
baseline_matrix_seed86,86,6,18,17,,1960.3884827914296,10.0,
baseline_matrix_seed86,86,10,180,179,1000023.6983240226,4534.498430998013,1.0,0.0023698324022491946
baseline_matrix_seed86,86,103,1800,1799,100002.67370761534,6280.035569353389,0.1,0.0026737076153304784
baseline_matrix_seed86,86,257,1800,1799,99995.45803224017,6459.73935805271,0.1,-0.004541967759830179
baseline_matrix_seed86,86,457,1800,1799,99999.09282934957,6056.4965952321545,0.1,-0.0009071706504326649
baseline_matrix_seed86,86,1024,1800,1799,99996.87270705952,6684.639910878099,0.1,-0.0031272929404857486
baseline_matrix_seed86,86,1034,18,17,,3195.4281484495054,10.0,
baseline_matrix_seed86,86,1039,900,899,199997.0812013349,5528.218091084536,0.2,-0.0014593993325595633
baseline_matrix_seed86,86,1327,180,179,1000010.1899441346,4296.495514595352,1.0,0.0010189944134486595
baseline_matrix_seed86,86,1328,18,17,,6961.448661530871,10.0,
baseline_matrix_seed86,86,1407,18,17,,2963.994910081589,10.0,
baseline_matrix_seed86,86,1825,1800,1799,100002.11784324603,5550.1968874239265,0.1,0.0021178432460189356
baseline_matrix_seed86,86,1876,1800,1799,100000.41523068369,4651.128786040787,0.1,0.00041523068368132243
baseline_matrix_seed86,86,1877,1800,1799,99998.45969983317,5128.44900389613,0.1,-0.0015403001668357064
baseline_matrix_seed86,86,1881,180,179,1000010.1005586592,4148.416301568229,1.0,0.0010100558659242864
baseline_matrix_seed86,86,2026,180,179,999937.5754189943,6906.793211597961,1.0,-0.006242458100569337
