session,reason,start_us,end_us,relative_start_s,relative_end_s,mask_end_s,may_overlap_active_run,session_index
anomalies_smoke_03,decoder,13494428845,13494429136,121.20539347898986,121.20568448055428,124.25568448055428,False,
anomalies_smoke_03,sequence_gap,13494428845,13494429136,121.20539347898986,121.20568448055428,124.25568448055428,False,
anomaly_seed159346_matrix_01,decoder,,5889557121,-1000000000.0,-2.469840174600883,0.5801598253991167,True,
anomaly_seed159346_matrix_01,out_of_order_frame,5894556931,5894557126,2.529982324955619,2.5301773254427413,5.580177325442741,True,0
anomaly_seed159346_matrix_03,truncated_last_record,6407816145,,175.39224011928292,175.39224011928292,178.44224011928293,False,0
anomaly_seed42_matrix_01,decoder,15393004845,15393005132,59.734598878125674,59.734885883944315,62.78488588394431,True,
anomaly_seed42_matrix_01,sequence_gap,15393004845,15393005132,59.734598878125674,59.734885883944315,62.78488588394431,True,
anomaly_seed42_matrix_01,decoder,15445582609,15445610132,112.3134287018886,112.34095225981841,115.3909522598184,True,
anomaly_seed42_matrix_01,sequence_gap,15445582609,15445610132,112.3134287018886,112.34095225981841,115.3909522598184,True,
anomaly_seed42_matrix_02,decoder,15710730996,15710748436,56.92300805784525,56.94044801925896,59.990448019258956,True,
anomaly_seed42_matrix_02,sequence_gap,15710730996,15710748436,56.92300805784525,56.94044801925896,59.990448019258956,True,
anomaly_seed42_matrix_02,decoder,15793661845,15793662136,139.85367357374813,139.85396457310458,142.9039645731046,True,
anomaly_seed42_matrix_02,sequence_gap,15793661845,15793662136,139.85367357374813,139.85396457310458,142.9039645731046,True,
anomaly_seed42_matrix_02,out_of_order_frame,15812662086,15812662144,158.85387253580765,158.85393053567896,161.90393053567897,True,0
anomaly_seed42_matrix_03,decoder,15838351216,15838362079,8.820714933541948,8.831578289386085,11.881578289386084,True,
anomaly_seed42_matrix_03,sequence_gap,15838351216,15838362079,8.820714933541948,8.831578289386085,11.881578289386084,True,
anomaly_seed42_matrix_03,decoder,15977938772,15977944999,148.412843448202,148.41907065218172,151.46907065218173,True,
anomaly_seed42_matrix_03,sequence_gap,15977938772,15977944999,148.412843448202,148.41907065218172,151.46907065218173,True,
anomaly_seed42_matrix_04,decoder,16020044999,16020144845,-2.0643239964045437,-1.9644828330839192,1.0855171669160806,True,
anomaly_seed42_matrix_04,sequence_gap,16020044999,16020144845,-2.0643239964045437,-1.9644828330839192,1.0855171669160806,True,
anomaly_seed42_matrix_04,decoder,16180423845,16180424136,158.30675302723247,158.30704401313633,161.35704401313635,True,
anomaly_seed42_matrix_04,sequence_gap,16180423845,16180424136,158.30675302723247,158.30704401313633,161.35704401313635,True,
anomaly_seed42_matrix_04,decoder,16203722999,16203822845,181.6047783835169,181.70461954683753,184.75461954683755,False,
anomaly_seed42_matrix_04,sequence_gap,16203722999,16203822845,181.6047783835169,181.70461954683753,184.75461954683755,False,
anomaly_seed805238_matrix_01,decoder,5112560348,5112567983,53.02215917733333,53.02979419751835,56.079794197518346,True,
anomaly_seed805238_matrix_01,sequence_gap,5112560348,5112567983,53.02215917733333,53.02979419751835,56.079794197518346,True,
anomaly_seed805238_matrix_01,out_of_order_frame,5130567926,5130568125,71.02978478499327,71.02998378551943,74.07998378551943,True,0
anomaly_seed805238_matrix_03,decoder,5520390590,5520448022,70.52608178178644,70.58351566848923,73.63351566848922,True,
anomaly_seed805238_matrix_03,sequence_gap,5520390590,5520448022,70.52608178178644,70.58351566848923,73.63351566848922,True,
anomaly_seed805238_matrix_03,out_of_order_frame,5450896824,5450897125,1.030032836578998,1.0303338464672085,4.080333846467209,True,0
anomaly_seed829730_matrix_01,truncated_last_record,695551829,,161.9424787946514,161.9424787946514,164.99247879465142,False,0
