episode,type,variant,runs,planned,ack,rx,primary_onsets,any_onsets,latch_no_new_onset_expected,unmasked_runs,unmasked_any,dbc,timeout,period,frequency,three_sigma,burst,controller,core_dbc,core_timeout,core_period,core_frequency,core_three_sigma,core_burst,core_controller
E01,frequency_increase,mild,19,1425,1425,1425,0,19,0,19,19,0,0,19,0,19,0,0,0,0,19,0,19,0,0
E02,frequency_increase,medium,19,2280,2280,2280,19,19,0,19,19,0,0,19,19,19,0,0,0,0,0,19,0,0,0
E03,frequency_increase,strong,19,4560,4560,4560,19,19,0,19,19,0,0,19,19,19,19,0,0,0,0,19,0,19,0
E04,frequency_decrease,mild,19,912,912,912,0,19,0,19,19,0,0,19,0,19,0,0,0,0,19,0,19,0,0
E05,frequency_decrease,medium,19,570,570,570,13,19,0,16,16,0,3,19,13,19,0,0,0,0,7,13,2,0,0
E06,frequency_decrease,strong,19,285,285,285,19,19,0,17,17,0,19,19,19,19,0,0,0,19,4,19,0,0,0
E07,disappearance,short,19,0,0,0,19,19,0,19,19,0,19,0,13,0,0,0,0,19,0,9,0,0,0
E08,disappearance,long,19,0,0,0,19,19,0,19,19,0,19,0,19,0,0,0,0,19,0,19,0,0,0
E09,burst,threshold,19,76,76,76,8,19,0,19,19,0,0,19,0,19,8,0,0,0,0,0,0,0,0
E10,burst,dense,19,380,356,356,19,19,0,19,19,0,0,19,19,19,19,0,0,0,0,18,0,0,0
E11,unknown_dbc_id,single,19,19,19,19,19,19,0,19,19,19,0,0,0,0,0,0,0,0,0,0,0,0,0
E12,unknown_dbc_id,repeated,19,152,152,152,19,19,0,19,19,19,0,0,0,0,0,0,0,0,0,0,0,0,0
E13,dlc_mismatch,shorter,19,95,95,95,19,19,0,19,19,19,0,10,5,10,3,0,7,0,0,5,0,0,0
E14,dlc_mismatch,longer,19,95,95,95,16,16,3,19,16,16,0,6,6,6,6,0,0,0,0,5,0,0,0
E15,out_of_range_signal,just_above,19,95,95,95,19,19,0,19,19,19,0,0,0,0,0,0,0,0,0,0,0,0,0
E16,out_of_range_signal,just_below,19,95,95,95,16,16,4,18,15,16,0,0,0,0,0,0,0,0,0,0,0,0,0
E17,out_of_range_signal,far_above,19,95,95,95,13,13,6,18,12,13,0,0,0,0,0,0,1,0,0,0,0,0,0
