session,generator_session,seed,kind,duration_s,nominal_fps,ids,periodic_ids,tx_ack,tx_log_rows,rx_frames,rx_minus_tx,slots_skipped,crc_errors,cobs_errors,quality_entries,quality_may_overlap_run,records_missing,trace_available,trace_path,trace_sha_matches_report,trace_frames_match_report,replay_events_equal,replay_event_count,saved_event_count,exact_full_frame_order,matched_rx_frames,missing_rx_frames,extra_rx_frames,max_matching_residual_ms,markers,dbc_hash_equal,profile_ids_equal,profile_content_equal,baseline_hash_matches_raw_or_lf,code_matches_local_lf,baseline_source,ready,analysis_complete,analysis_overflow,rx_error,tx_status,rx_status,offset_marker_s,marker_scale,old_offset_inferred_s,anchor_spread_ms,alignment_anchors,elapsed_host_s,validation_anchor_count,validation_anchor_max_abs_ms,analysis_processing_s,analysis_records_per_processing_second,analysis_us_per_record,analysis_bytes_processed,queue_chunks,queue_peak_chunks,queue_capacity_chunks,peak_resident_memory_bytes,processing_fraction_of_capture_time,background_duration_s,background_clean_duration_s,background_dbc,other_id_dbc,background_clean_dbc,background_timeout,other_id_timeout,background_clean_timeout,background_period,other_id_period,background_clean_period,background_frequency,other_id_frequency,background_clean_frequency,background_three_sigma,other_id_three_sigma,background_clean_three_sigma,background_burst,other_id_burst,background_clean_burst,background_controller,other_id_controller,background_clean_controller
anomalies_smoke_03,anomalies_smoke_03,42,smoke,120.0,79.39999999999998,17,13,9751,9751,9751,0,1,2,0,2,False,1,True,deployment\can-live-rpi\captures_live\anomalies_smoke_03\trace.canbin,True,True,True,142,142,True,9751,0,0,9.446212172264268,"{""offset_s"": 13373.224103, ""scale"": 0.9999946249999999, ""apparent_clock_difference_ppm"": -5.375000000085173, ""start_us"": 13373224103, ""end_us"": 13493223458, ""command_scale"": 0.9999946249999999, ""command_offset_s"": 13373.224103, ""start_order"": 0, ""end_order"": 9750}",True,True,True,True,"{""live_detect.py"": true, ""live_rules.py"": true, ""can_stream_protocol.py"": true}",deployment\can-live-rpi\captures_live\baseline_dbc_seed42\baseline.json,True,True,False,,completed_with_skips,interrupted,13373.224103,0.9999946249999999,13373.224676,0.0,"[{""episode_id"": ""E07"", ""rx_event_s"": 13452.224676, ""tx_command_s"": 79.0, ""offset_s"": 13373.224676}]",126.9881058560004,5,6.384255670099037,7.245250864,1884.958886359411,530.5155498279271,541344,0,3,128,32505856,0.057054562828237114,59.00000000000004,59.00000000000004,0,0,0,0,0,0,0,0,0,0,0,0,3,5,3,0,0,0,0,0,0
anomaly_seed159346_matrix_01,anomalies_seed159346_matrix_01,159346,matrix,160.0,79.4,17,13,12867,12867,12867,0,5,0,0,2,True,0,True,deployment\can-live-rpi\captures_live\anomaly_seed159346_matrix_01\trace.canbin,True,True,True,176,176,True,12867,0,0,15.019677532592368,"{""offset_s"": 5892.026955, ""scale"": 0.9999974999999999, ""apparent_clock_difference_ppm"": -2.5000000001274003, ""start_us"": 5892026955, ""end_us"": 6052026555, ""command_scale"": 0.9999974999999999, ""command_offset_s"": 5892.026955, ""start_order"": 0, ""end_order"": 12866}",True,True,True,True,"{""live_detect.py"": true, ""live_rules.py"": true, ""can_stream_protocol.py"": true}",deployment\can-live-rpi\captures_live\baseline_matrix_seed159346\baseline.json,True,True,False,,completed_with_skips,interrupted,5892.026955,0.9999974999999999,5892.025025499999,0.08900000011635711,"[{""episode_id"": ""E11"", ""rx_event_s"": 5995.02507, ""tx_command_s"": 103.0, ""offset_s"": 5892.02507}, {""episode_id"": ""E12"", ""rx_event_s"": 6000.024981, ""tx_command_s"": 108.0, ""offset_s"": 5892.024981}]",165.5615897380003,4,5.384013460414394,9.106065672,1972.9706161952222,506.84992051653126,707799,0,2,128,32374784,0.05500107655652658,79.19999999999997,76.66982267455724,0,0,0,0,0,0,0,0,0,0,0,0,12,8,11,0,0,0,0,0,0
anomaly_seed159346_matrix_02,anomalies_seed159346_matrix_02,159346,matrix,160.0,79.4,17,13,12869,12869,12869,0,3,0,0,0,False,0,True,deployment\can-live-rpi\captures_live\anomaly_seed159346_matrix_02\trace.canbin,True,True,True,162,162,True,12869,0,0,15.672424672409036,"{""offset_s"": 6060.777544, ""scale"": 0.999941, ""apparent_clock_difference_ppm"": -59.00000000003125, ""start_us"": 6060777544, ""end_us"": 6220768104, ""command_scale"": 0.999941, ""command_offset_s"": 6060.777544, ""start_order"": 0, ""end_order"": 12868}",True,True,True,True,"{""live_detect.py"": true, ""live_rules.py"": true, ""can_stream_protocol.py"": true}",deployment\can-live-rpi\captures_live\baseline_matrix_seed159346\baseline.json,True,True,False,,completed_with_skips,interrupted,6060.777544,0.999941,6060.7680225,9.911000000101922,"[{""episode_id"": ""E11"", ""rx_event_s"": 6163.763067, ""tx_command_s"": 103.0, ""offset_s"": 6060.763067}, {""episode_id"": ""E12"", ""rx_event_s"": 6168.772978, ""tx_command_s"": 108.0, ""offset_s"": 6060.772978}]",167.82564909400025,4,4.8182842780875035,9.256257125,1947.4394192566253,513.4947922445357,713075,0,2,128,32374784,0.055154007596392544,79.19999999999997,79.19999999999997,0,0,0,0,0,0,0,0,0,0,0,0,8,4,8,0,0,0,0,0,0
anomaly_seed159346_matrix_03,anomalies_seed159346_matrix_03,159346,matrix,160.0,79.4,17,13,12870,12870,12870,0,2,0,0,1,False,0,True,deployment\can-live-rpi\captures_live\anomaly_seed159346_matrix_03\trace.canbin,True,True,True,154,154,True,12870,0,0,12.117200943382755,"{""offset_s"": 6232.420898, ""scale"": 1.00001714375, ""apparent_clock_difference_ppm"": 17.1437500000593, ""start_us"": 6232420898, ""end_us"": 6392423641, ""command_scale"": 1.00001714375, ""command_offset_s"": 6232.420898, ""start_order"": 0, ""end_order"": 12869}",True,True,True,True,"{""live_detect.py"": true, ""live_rules.py"": true, ""can_stream_protocol.py"": true}",deployment\can-live-rpi\captures_live\baseline_matrix_seed159346\baseline.json,True,True,False,,completed_with_skips,interrupted,6232.420898,1.00001714375,6232.4266785,0.6709999997838167,"[{""episode_id"": ""E11"", ""rx_event_s"": 6335.427014, ""tx_command_s"": 103.0, ""offset_s"": 6232.427014}, {""episode_id"": ""E12"", ""rx_event_s"": 6340.426343, ""tx_command_s"": 108.0, ""offset_s"": 6232.426343}]",178.20104124200043,4,1.8849926841255638,9.457648746,1939.9113344910006,515.4874772987409,741781,0,2,128,32374784,0.05307291517537393,79.19999999999997,79.19999999999997,0,0,0,0,0,0,0,0,0,0,0,0,0,6,0,0,0,0,0,0,0
anomaly_seed42_matrix_01,anomalies_seed42_matrix_01,42,matrix,155.0,79.39999999999998,17,13,12472,12472,12472,0,3,6,0,4,True,3,True,deployment\can-live-rpi\captures_live\anomalies_seed42_matrix_01\trace.canbin,True,True,True,175,175,True,12472,0,0,16.0167829730824,"{""offset_s"": 15333.271457, ""scale"": 0.9999797290322581, ""apparent_clock_difference_ppm"": -20.270967741931045, ""start_us"": 15333271457, ""end_us"": 15488268315, ""command_scale"": 0.9999797290322581, ""command_offset_s"": 15333.271457, ""start_order"": 0, ""end_order"": 12471}",True,True,True,True,"{""live_detect.py"": true, ""live_rules.py"": true, ""can_stream_protocol.py"": true}",deployment\can-live-rpi\captures_live\baseline_dbc_seed42\baseline.json,True,True,False,,completed_with_skips,interrupted,15333.271457,0.9999797290322581,15333.271845999992,3.3580000144866062,"[{""episode_id"": ""E11"", ""rx_event_s"": 15436.285167, ""tx_command_s"": 103.01500000001397, ""offset_s"": 15333.270166999986}, {""episode_id"": ""E12"", ""rx_event_s"": 15441.273525, ""tx_command_s"": 108.0, ""offset_s"": 15333.273525}]",169.0546413330012,6,12.471685070195804,9.591027853,1841.6170060933719,543.0010673724736,709946,0,3,128,32505856,0.056733301004778344,74.19999999999997,70.38759055812585,0,0,0,0,0,0,0,0,0,0,0,0,14,14,13,0,0,0,0,0,0
anomaly_seed42_matrix_02,anomalies_seed42_matrix_02,42,matrix,160.0,79.39999999999998,17,13,12870,12870,12870,0,2,2,2,5,True,2,True,deployment\can-live-rpi\captures_live\anomalies_seed42_matrix_02\trace.canbin,True,True,True,197,197,True,12870,0,0,10.711848320482886,"{""offset_s"": 15653.807862, ""scale"": 1.0000022124999999, ""apparent_clock_difference_ppm"": 2.2124999998762718, ""start_us"": 15653807862, ""end_us"": 15813808216, ""command_scale"": 1.0000022124999999, ""command_offset_s"": 15653.807862, ""start_order"": 0, ""end_order"": 12869}",True,True,True,True,"{""live_detect.py"": true, ""live_rules.py"": true, ""can_stream_protocol.py"": true}",deployment\can-live-rpi\captures_live\baseline_dbc_seed42\baseline.json,True,True,False,,completed_with_skips,interrupted,15653.807862,1.0000022124999999,15653.8046115,8.926999998948304,"[{""episode_id"": ""E11"", ""rx_event_s"": 15756.800148, ""tx_command_s"": 103.0, ""offset_s"": 15653.800148}, {""episode_id"": ""E12"", ""rx_event_s"": 15761.809075, ""tx_command_s"": 108.0, ""offset_s"": 15653.809075}]",165.3683687490011,7,3.723882920212418,9.669978961,1855.6400249028422,538.8976237739633,707147,0,4,128,32505856,0.05847538458625819,79.19999999999997,78.00754610955578,0,0,0,0,0,0,0,0,0,11,8,11,9,11,9,0,0,0,0,0,0
anomaly_seed42_matrix_03,anomalies_seed42_matrix_03,42,matrix,160.0,79.39999999999998,17,13,12870,12870,12870,0,2,4,0,4,True,2,True,deployment\can-live-rpi\captures_live\anomalies_seed42_matrix_03\trace.canbin,True,True,True,172,172,True,12870,0,0,14.42409435507247,"{""offset_s"": 15829.53079, ""scale"": 0.9999672437499999, ""apparent_clock_difference_ppm"": -32.75625000009885, ""start_us"": 15829530790, ""end_us"": 15989525549, ""command_scale"": 0.9999672437499999, ""command_offset_s"": 15829.53079, ""start_order"": 0, ""end_order"": 12869}",True,True,True,True,"{""live_detect.py"": true, ""live_rules.py"": true, ""can_stream_protocol.py"": true}",deployment\can-live-rpi\captures_live\baseline_dbc_seed42\baseline.json,True,True,False,,completed_with_skips,interrupted,15829.53079,0.9999672437499999,15829.5212495,1.5050000001792796,"[{""episode_id"": ""E11"", ""rx_event_s"": 15932.520497, ""tx_command_s"": 103.0, ""offset_s"": 15829.520497}, {""episode_id"": ""E12"", ""rx_event_s"": 15937.522002, ""tx_command_s"": 108.0, ""offset_s"": 15829.522002}]",167.87770293500034,7,5.689261358952535,9.726623922,1853.4694200753124,539.5287287552696,714673,0,3,128,32505856,0.05793874798111813,79.19999999999997,75.72006599197412,0,0,0,0,0,0,0,0,0,0,0,0,21,7,21,0,0,0,0,0,0
anomaly_seed42_matrix_04,anomalies_seed42_matrix_04,42,matrix,160.0,79.39999999999998,17,13,12871,12871,12871,0,1,4,2,6,True,3,True,deployment\can-live-rpi\captures_live\anomalies_seed42_matrix_04\trace.canbin,True,True,True,190,190,True,12871,0,0,15.55846769782898,"{""offset_s"": 16022.109423, ""scale"": 1.0000484437500001, ""apparent_clock_difference_ppm"": 48.443750000126684, ""start_us"": 16022109423, ""end_us"": 16182117174, ""command_scale"": 1.0000484437500001, ""command_offset_s"": 16022.109423, ""start_order"": 0, ""end_order"": 12870}",True,True,True,True,"{""live_detect.py"": true, ""live_rules.py"": true, ""can_stream_protocol.py"": true}",deployment\can-live-rpi\captures_live\baseline_dbc_seed42\baseline.json,True,True,False,,completed_with_skips,interrupted,16022.109423,1.0000484437500001,16022.1153665,4.490999999688938,"[{""episode_id"": ""E11"", ""rx_event_s"": 16125.113121, ""tx_command_s"": 103.0, ""offset_s"": 16022.113121}, {""episode_id"": ""E12"", ""rx_event_s"": 16130.117612, ""tx_command_s"": 108.0, ""offset_s"": 16022.117612}]",216.99038139299955,6,6.905190486762081,10.96117149,1781.926322183652,561.1904305754659,849715,0,3,128,32505856,0.050514550090346194,79.19999999999997,77.55675302723246,0,0,0,0,0,0,0,0,0,0,0,0,5,1,5,0,0,0,0,0,0
anomaly_seed550994_matrix_01,anomalies_seed550994_matrix_01,550994,matrix,160.0,79.39999999999998,16,12,12872,12872,12872,0,0,0,0,0,False,0,True,deployment\can-live-rpi\captures_live\anomaly_seed550994_matrix_01\trace.canbin,True,True,True,199,199,True,12872,0,0,15.787081647347101,"{""offset_s"": 1657.282212, ""scale"": 0.99995743125, ""apparent_clock_difference_ppm"": -42.56874999997162, ""start_us"": 1657282212, ""end_us"": 1817275401, ""command_scale"": 0.99995743125, ""command_offset_s"": 1657.282212, ""start_order"": 0, ""end_order"": 12871}",True,True,True,True,"{""live_detect.py"": true, ""live_rules.py"": true, ""can_stream_protocol.py"": true}",deployment\can-live-rpi\captures_live\baseline_matrix_seed550994\baseline.json,True,True,False,,completed,interrupted,1657.282212,0.99995743125,1657.2708665,4.75300000016432,"[{""episode_id"": ""E11"", ""rx_event_s"": 1760.26849, ""tx_command_s"": 103.0, ""offset_s"": 1657.26849}, {""episode_id"": ""E12"", ""rx_event_s"": 1765.273243, ""tx_command_s"": 108.0, ""offset_s"": 1657.273243}]",174.8208138990001,5,5.640265099160047,9.404947209,1939.9364605194778,515.4808007125239,726841,0,3,128,32374784,0.05379763999058806,79.19999999999997,79.19999999999997,0,0,0,0,0,0,0,0,0,0,0,0,23,17,23,0,0,0,0,0,0
anomaly_seed550994_matrix_02,anomalies_seed550994_matrix_02,550994,matrix,160.0,79.39999999999998,16,12,12871,12871,12871,0,1,0,0,0,False,0,True,deployment\can-live-rpi\captures_live\anomaly_seed550994_matrix_02\trace.canbin,True,True,True,176,176,True,12871,0,0,15.141766892952546,"{""offset_s"": 1839.384169, ""scale"": 1.0000377875, ""apparent_clock_difference_ppm"": 37.78749999994169, ""start_us"": 1839384169, ""end_us"": 1999390215, ""command_scale"": 1.0000377875, ""command_offset_s"": 1839.384169, ""start_order"": 0, ""end_order"": 12870}",True,True,True,True,"{""live_detect.py"": true, ""live_rules.py"": true, ""can_stream_protocol.py"": true}",deployment\can-live-rpi\captures_live\baseline_matrix_seed550994\baseline.json,True,True,False,,completed_with_skips,interrupted,1839.384169,1.0000377875,1839.3886790000001,0.08800000000519503,"[{""episode_id"": ""E11"", ""rx_event_s"": 1942.388723, ""tx_command_s"": 103.0, ""offset_s"": 1839.388723}, {""episode_id"": ""E12"", ""rx_event_s"": 1947.388635, ""tx_command_s"": 108.0, ""offset_s"": 1839.388635}]",166.3512560879999,5,14.834689434053416,9.27761362,1938.4295074793165,515.8815402580071,703441,0,3,128,32374784,0.055771226729374006,79.19999999999997,79.19999999999997,0,0,0,0,0,0,0,0,0,2,2,2,1,22,1,0,0,0,0,0,0
anomaly_seed550994_matrix_03,anomalies_seed550994_matrix_03,550994,matrix,160.0,79.39999999999998,16,12,12871,12871,12871,0,1,0,0,0,False,0,True,deployment\can-live-rpi\captures_live\anomaly_seed550994_matrix_03\trace.canbin,True,True,True,171,171,True,12871,0,0,15.29143998429161,"{""offset_s"": 2010.859579, ""scale"": 1.0000673875000001, ""apparent_clock_difference_ppm"": 67.38750000012672, ""start_us"": 2010859579, ""end_us"": 2170870361, ""command_scale"": 1.0000673875000001, ""command_offset_s"": 2010.859579, ""start_order"": 0, ""end_order"": 12870}",True,True,True,True,"{""live_detect.py"": true, ""live_rules.py"": true, ""can_stream_protocol.py"": true}",deployment\can-live-rpi\captures_live\baseline_matrix_seed550994\baseline.json,True,True,False,,completed_with_skips,interrupted,2010.859579,1.0000673875000001,2010.868885,0.3339999998388521,"[{""episode_id"": ""E11"", ""rx_event_s"": 2113.868718, ""tx_command_s"": 103.0, ""offset_s"": 2010.8687180000002}, {""episode_id"": ""E12"", ""rx_event_s"": 2118.869052, ""tx_command_s"": 108.0, ""offset_s"": 2010.869052}]",164.00890060300003,5,3.3997209011715768,8.92168349,2007.4686599311315,498.13978168620883,696765,0,3,128,32374784,0.054397556822820416,79.19999999999997,79.19999999999997,0,0,0,0,0,0,0,0,0,0,0,0,2,17,2,0,0,0,0,0,0
anomaly_seed805238_matrix_01,anomalies_seed805238_matrix_01,805238,matrix,160.0,79.39999999999998,17,13,12867,12867,12867,0,5,1,0,3,True,1,True,deployment\can-live-rpi\captures_live\anomaly_seed805238_matrix_01\trace.canbin,True,True,True,158,158,True,12867,0,0,9.726256980894021,"{""offset_s"": 5059.538329, ""scale"": 0.99999735625, ""apparent_clock_difference_ppm"": -2.64375000003092, ""start_us"": 5059538329, ""end_us"": 5219537906, ""command_scale"": 0.99999735625, ""command_offset_s"": 5059.538329, ""start_order"": 0, ""end_order"": 12866}",True,True,True,True,"{""live_detect.py"": true, ""live_rules.py"": true, ""can_stream_protocol.py"": true}",deployment\can-live-rpi\captures_live\baseline_matrix_seed805238\baseline.json,True,True,False,,completed_with_skips,interrupted,5059.538329,0.99999735625,5059.536114500001,0.4909999997835257,"[{""episode_id"": ""E11"", ""rx_event_s"": 5162.535869, ""tx_command_s"": 103.0, ""offset_s"": 5059.535869}, {""episode_id"": ""E12"", ""rx_event_s"": 5167.53636, ""tx_command_s"": 108.0, ""offset_s"": 5059.53636}]",166.23796661399956,4,4.060835736311219,9.189553875,1956.5694096330656,511.0986582313682,708339,0,3,128,32374784,0.05527951323140228,79.19999999999997,75.24217539181387,0,0,0,0,0,0,0,0,0,0,0,0,13,10,12,0,0,0,0,0,0
anomaly_seed805238_matrix_02,anomalies_seed805238_matrix_02,805238,matrix,160.0,79.39999999999998,17,13,12867,12867,12867,0,5,0,0,0,False,0,True,deployment\can-live-rpi\captures_live\anomaly_seed805238_matrix_02\trace.canbin,True,True,True,145,145,True,12867,0,0,14.52341316263528,"{""offset_s"": 5232.627116, ""scale"": 0.99999200625, ""apparent_clock_difference_ppm"": -7.993750000045985, ""start_us"": 5232627116, ""end_us"": 5392625837, ""command_scale"": 0.99999200625, ""command_offset_s"": 5232.627116, ""start_order"": 0, ""end_order"": 12866}",True,True,True,True,"{""live_detect.py"": true, ""live_rules.py"": true, ""can_stream_protocol.py"": true}",deployment\can-live-rpi\captures_live\baseline_matrix_seed805238\baseline.json,True,True,False,,completed_with_skips,interrupted,5232.627116,0.99999200625,5232.631041000001,0.49200000012206146,"[{""episode_id"": ""E11"", ""rx_event_s"": 5335.630795, ""tx_command_s"": 103.0, ""offset_s"": 5232.630795}, {""episode_id"": ""E12"", ""rx_event_s"": 5340.631287, ""tx_command_s"": 108.0, ""offset_s"": 5232.631287}]",188.10807921200012,4,7.2832832207865295,9.853163847,1893.7064571072895,528.0649470496811,769300,0,3,128,32374784,0.05238033309507861,79.19999999999997,79.19999999999997,0,0,0,0,0,0,0,0,0,0,0,0,1,3,1,0,0,0,0,0,0
anomaly_seed805238_matrix_03,anomalies_seed805238_matrix_03,805238,matrix,160.0,79.39999999999998,17,13,12866,12866,12864,-2,6,1,1,3,True,2,True,deployment\can-live-rpi\captures_live\anomaly_seed805238_matrix_03\trace.canbin,True,True,True,150,150,False,12864,2,0,12.364742488387037,"{""offset_s"": 5449.866825, ""scale"": 0.99996715, ""apparent_clock_difference_ppm"": -32.84999999997318, ""start_us"": 5449866825, ""end_us"": 5609861569, ""command_scale"": 0.99996715, ""command_offset_s"": 5449.866825, ""start_order"": 0, ""end_order"": 12863}",True,True,True,True,"{""live_detect.py"": true, ""live_rules.py"": true, ""can_stream_protocol.py"": true}",deployment\can-live-rpi\captures_live\baseline_matrix_seed805238\baseline.json,True,True,False,,completed_with_skips,interrupted,5449.866825,0.99996715,5449.8654745,8.088999999927182,"[{""episode_id"": ""E11"", ""rx_event_s"": 5552.869519, ""tx_command_s"": 103.0, ""offset_s"": 5449.869519}, {""episode_id"": ""E12"", ""rx_event_s"": 5557.86143, ""tx_command_s"": 108.0, ""offset_s"": 5449.86143}]",164.40193740800078,4,7.064832079933581,9.319596259,1922.615476254828,520.1248051679876,703015,0,3,128,32374784,0.05668787367068129,79.19999999999997,76.58615048504355,0,0,0,0,0,0,0,0,0,0,0,0,0,7,0,0,0,0,0,0,0
anomaly_seed829730_matrix_01,anomalies_seed829730_matrix_01,829730,matrix,160.0,79.39999999999998,16,12,12872,12872,12872,0,0,0,0,1,False,0,True,deployment\can-live-rpi\captures_live\anomaly_seed829730_matrix_01\trace.canbin,True,True,True,164,164,True,12872,0,0,12.143014630817461,"{""offset_s"": 533.612251, ""scale"": 0.9999820875, ""apparent_clock_difference_ppm"": -17.91250000005018, ""start_us"": 533612251, ""end_us"": 693609385, ""command_scale"": 0.9999820875, ""command_offset_s"": 533.612251, ""start_order"": 0, ""end_order"": 12871}",True,True,True,True,"{""live_detect.py"": true, ""live_rules.py"": true, ""can_stream_protocol.py"": true}",deployment\can-live-rpi\captures_live\baseline_matrix_seed829730\baseline.json,True,True,False,,completed,interrupted,533.612251,0.9999820875,533.6047285,4.08900000002177,"[{""episode_id"": ""E11"", ""rx_event_s"": 636.606773, ""tx_command_s"": 103.0, ""offset_s"": 533.606773}, {""episode_id"": ""E12"", ""rx_event_s"": 641.602684, ""tx_command_s"": 108.0, ""offset_s"": 533.602684}]",185.92733329600003,7,8.085694834988999,9.482355933,1961.221465572674,509.8863221487336,763755,0,3,128,32374784,0.051000333113496006,79.19999999999997,79.19999999999997,0,0,0,0,0,0,0,0,0,0,0,0,0,10,0,0,0,0,0,0,0
anomaly_seed829730_matrix_02,anomalies_seed829730_matrix_02,829730,matrix,160.0,79.39999999999998,16,12,12871,12871,12871,0,1,0,0,0,False,0,True,deployment\can-live-rpi\captures_live\anomaly_seed829730_matrix_02\trace.canbin,True,True,True,160,160,True,12871,0,0,14.474723599150252,"{""offset_s"": 714.050882, ""scale"": 0.999998175, ""apparent_clock_difference_ppm"": -1.8250000000108457, ""start_us"": 714050882, ""end_us"": 874050590, ""command_scale"": 0.999998175, ""command_offset_s"": 714.050882, ""start_order"": 0, ""end_order"": 12870}",True,True,True,True,"{""live_detect.py"": true, ""live_rules.py"": true, ""can_stream_protocol.py"": true}",deployment\can-live-rpi\captures_live\baseline_matrix_seed829730\baseline.json,True,True,False,,completed_with_skips,interrupted,714.050882,0.999998175,714.0475114999999,7.9110000000355285,"[{""episode_id"": ""E11"", ""rx_event_s"": 817.043556, ""tx_command_s"": 103.0, ""offset_s"": 714.043556}, {""episode_id"": ""E12"", ""rx_event_s"": 822.051467, ""tx_command_s"": 108.0, ""offset_s"": 714.051467}]",163.32212539199998,7,5.875940228108334,8.854582593,2020.9874166340614,494.80763302598496,700703,0,2,128,32374784,0.05421545042808833,79.19999999999997,79.19999999999997,0,0,0,0,0,0,0,0,0,0,0,0,5,10,5,0,0,0,0,0,0
anomaly_seed829730_matrix_03,anomalies_seed829730_matrix_03,829730,matrix,160.0,79.39999999999998,16,12,12870,12870,12870,0,2,0,0,0,False,0,True,deployment\can-live-rpi\captures_live\anomaly_seed829730_matrix_03\trace.canbin,True,True,True,164,164,True,12870,0,0,9.529050666628791,"{""offset_s"": 887.231795, ""scale"": 0.9999982562499999, ""apparent_clock_difference_ppm"": -1.743750000060551, ""start_us"": 887231795, ""end_us"": 1047231516, ""command_scale"": 0.9999982562499999, ""command_offset_s"": 887.231795, ""start_order"": 0, ""end_order"": 12869}",True,True,True,True,"{""live_detect.py"": true, ""live_rules.py"": true, ""can_stream_protocol.py"": true}",deployment\can-live-rpi\captures_live\baseline_matrix_seed829730\baseline.json,True,True,False,,completed_with_skips,interrupted,887.231795,0.9999982562499999,887.2326505,1.4750000000276486,"[{""episode_id"": ""E11"", ""rx_event_s"": 990.231913, ""tx_command_s"": 103.0, ""offset_s"": 887.231913}, {""episode_id"": ""E12"", ""rx_event_s"": 995.233388, ""tx_command_s"": 108.0, ""offset_s"": 887.233388}]",163.44447264199994,7,6.891937017826422,8.837046473,2025.1109977386675,493.80009348457753,700946,0,3,128,32243712,0.054067576163044646,79.19999999999997,79.19999999999997,0,0,0,0,0,0,0,0,0,0,0,0,1,8,1,0,0,0,0,0,0
anomaly_seed86_matrix_01,anomalies_seed86_matrix_01,86,matrix,160.0,79.39999999999999,16,12,12871,12871,12871,0,1,0,0,0,False,0,True,deployment\can-live-rpi\captures_live\anomaly_seed86_matrix_01\trace.canbin,True,True,True,146,146,True,12871,0,0,12.081916198383169,"{""offset_s"": 4079.791152, ""scale"": 0.99999109375, ""apparent_clock_difference_ppm"": -8.906250000051408, ""start_us"": 4079791152, ""end_us"": 4239789727, ""command_scale"": 0.99999109375, ""command_offset_s"": 4079.791152, ""start_order"": 0, ""end_order"": 12870}",True,True,True,True,"{""live_detect.py"": true, ""live_rules.py"": true, ""can_stream_protocol.py"": true}",deployment\can-live-rpi\captures_live\baseline_matrix_seed86\baseline.json,True,True,False,,completed_with_skips,interrupted,4079.791152,0.99999109375,4079.7902249999997,3.912000000127591,"[{""episode_id"": ""E11"", ""rx_event_s"": 4182.788269, ""tx_command_s"": 103.0, ""offset_s"": 4079.7882689999997}, {""episode_id"": ""E12"", ""rx_event_s"": 4187.792181, ""tx_command_s"": 108.0, ""offset_s"": 4079.792181}]",167.26312503100007,4,4.747667284448198,8.793051142,2047.86708381458,488.3129417448769,708781,0,2,128,32374784,0.05257017134153341,79.19999999999997,79.19999999999997,0,0,0,0,0,0,0,0,0,0,0,0,1,4,1,0,0,0,0,0,0
anomaly_seed86_matrix_02,anomalies_seed86_matrix_02,86,matrix,160.0,79.39999999999999,16,12,12871,12871,12871,0,1,0,0,0,False,0,True,deployment\can-live-rpi\captures_live\anomaly_seed86_matrix_02\trace.canbin,True,True,True,144,144,True,12871,0,0,10.846731257502462,"{""offset_s"": 4257.900427, ""scale"": 1.000025825, ""apparent_clock_difference_ppm"": 25.825000000034848, ""start_us"": 4257900427, ""end_us"": 4417904559, ""command_scale"": 1.000025825, ""command_offset_s"": 4257.900427, ""start_order"": 0, ""end_order"": 12870}",True,True,True,True,"{""live_detect.py"": true, ""live_rules.py"": true, ""can_stream_protocol.py"": true}",deployment\can-live-rpi\captures_live\baseline_matrix_seed86\baseline.json,True,True,False,,completed_with_skips,interrupted,4257.900427,1.000025825,4257.9018535,3.6829999999099527,"[{""episode_id"": ""E11"", ""rx_event_s"": 4360.903695, ""tx_command_s"": 103.0, ""offset_s"": 4257.903695}, {""episode_id"": ""E12"", ""rx_event_s"": 4365.900012, ""tx_command_s"": 108.0, ""offset_s"": 4257.900012}]",163.99651953900047,4,8.05129207464006,8.755479317,2045.2335448078813,488.941716479589,699861,0,3,128,32374784,0.05338820202777435,79.19999999999997,79.19999999999997,0,0,0,0,0,0,0,0,0,0,0,0,1,1,1,0,0,0,0,0,0
anomaly_seed86_matrix_03,anomalies_seed86_matrix_03,86,matrix,160.0,79.39999999999999,16,12,12870,12870,12870,0,2,0,0,0,False,0,True,deployment\can-live-rpi\captures_live\anomaly_seed86_matrix_03\trace.canbin,True,True,True,148,148,True,12870,0,0,14.59144211429475,"{""offset_s"": 4430.288513, ""scale"": 0.99997848125, ""apparent_clock_difference_ppm"": -21.518750000004694, ""start_us"": 4430288513, ""end_us"": 4590285070, ""command_scale"": 0.99997848125, ""command_offset_s"": 4430.288513, ""start_order"": 0, ""end_order"": 12869}",True,True,True,True,"{""live_detect.py"": true, ""live_rules.py"": true, ""can_stream_protocol.py"": true}",deployment\can-live-rpi\captures_live\baseline_matrix_seed86\baseline.json,True,True,False,,completed_with_skips,interrupted,4430.288513,0.99997848125,4430.290465,0.20000000040454324,"[{""episode_id"": ""E11"", ""rx_event_s"": 4533.290565, ""tx_command_s"": 103.0, ""offset_s"": 4430.290565}, {""episode_id"": ""E12"", ""rx_event_s"": 4538.290365, ""tx_command_s"": 108.0, ""offset_s"": 4430.290365}]",168.32922606800003,4,5.393591062698988,8.877603427,2026.2225214174348,493.52920986213036,707099,0,2,128,32374784,0.052739525003303415,79.19999999999997,79.19999999999997,0,0,0,0,0,0,0,0,0,0,0,0,1,3,1,0,0,0,0,0,0
